municipio,total_bib
Adeje,5
Arafo,1
Arona,7
Barlovento,1
Breña Alta,1
Candelaria,8
El Paso,1
El Rosario,2
El Sauzal,1
El Tanque,1
Fasnia,2
Fuencaliente de la Palma,1
Garachico,2
Granadilla de Abona,2
Guía de Isora,1
Güímar,1
Icod de los Vinos,1
La Guancha,1
La Matanza de Acentejo,1
La Orotava,1
La Victoria de Acentejo,1
Los Llanos de Aridane,1
Los Realejos,1
Los Silos,1
Puerto de la Cruz,1
Puntagorda,1
Puntallana,1
San Andrés y Sauces,1
San Cristóbal de La Laguna,1
San Miguel de Abona,1
San Sebastián de la Gomera,1
Santa Cruz de la Palma,2
Santa Cruz de Tenerife,5
Santa Úrsula,2
Santiago del Teide,3
Tacoronte,1
Tazacorte,1
Tegueste,1
Tijarafe,1
Vallehermoso,1
Valverde,1
Vilaflor de Chasna,1
Villa de Mazo,1
Aguilar de Campoo,1
Alar del Rey,1
Astudillo,1
Baltanás,1
Barruelo de Santullán,1
Carrión de los Condes,1
Cervera de Pisuerga,1
Cisneros,1
Dueñas,1
Frómista,1
Guardo,1
Herrera de Pisuerga,1
Osorno la Mayor,1
Palencia,6
Paredes de Nava,1
Saldaña,1
Santibáñez de la Peña,1
Torquemada,1
Velilla del Río Carrión,1
Venta de Baños,1
Villada,1
Villamuriel de Cerrato,1
Villarramiel,1
Agaete,1
Agüimes,6
Antigua,1
Arrecife,3
Artenara,1
Arucas,1
Betancuria,3
Firgas,1
Gáldar,1
Ingenio,2
La Aldea de San Nicolás,1
La Oliva,2
Las Palmas de Gran Canaria,15
Mogán,2
Moya,1
Pájara,2
Puerto del Rosario,2
San Bartolomé,2
San Bartolomé de Tirajana,1
Santa Brígida,1
Santa Lucía de Tirajana,9
Santa María de Guía de Gran Canaria,1
Teguise,1
Tejeda,1
Telde,4
Teror,1
Tías,2
Tinajo,1
Tuineje,2
Valleseco,1
Valsequillo de Gran Canaria,1
Vega de San Mateo,1
Allande,1
Aller,3
Amieva,1
Avilés,5
Belmonte de Miranda,1
Bimenes,1
Boal,1
Cabrales,1
Cabranes,1
Candamo,1
Cangas de Onís,1
Cangas del Narcea,1
Caravia,1
Carreño,1
Castrillón,2
Castropol,2
Coaña,1
Colunga,1
Corvera de Asturias,4
Cudillero,2
Degaña,1
El Franco,1
Gijón,12
Gozón,1
Grado,1
Grandas de Salime,1
Illano,1
Langreo,3
Las Regueras,1
Laviana,3
Lena,3
Llanera,2
Llanes,4
Mieres,4
Morcín,1
Muros de Nalón,2
Nava,1
Navia,2
Noreña,1
Onís,1
Oviedo,12
Parres,1
Peñamellera Baja,1
Piloña,1
Ponga,1
Pravia,1
Proaza,1
Quirós,1
Ribadedeva,1
Ribadesella,1
Ribera de Arriba,1
Riosa,1
Salas,1
San Martín de Oscos,1
San Martín del Rey Aurelio,3
San Tirso de Abres,1
Sariego,1
Siero,7
Sobrescobio,2
Somiedo,1
Soto del Barco,2
Tapia de Casariego,1
Taramundi,1
Teverga,1
Tineo,2
Valdés,1
Vegadeo,1
Villaviciosa,1
A Arnoia,1
A Bola,1
A Gudiña,1
A Mezquita,1
A Pobra de Trives,1
A Rúa,1
A Veiga,1
Allariz,1
Avión,1
Baltar,1
Bande,1
Barbadás,1
Beariz,1
Castrelo de Miño,1
Castrelo do Val,1
Castro Caldelas,1
Celanova,1
Cortegada,1
Entrimo,1
Esgos,1
Leiro,1
Maceda,1
Monterrei,1
Muíños,1
Nogueira de Ramuín,1
O Barco de Valdeorras,1
O Carballiño,1
O Pereiro de Aguiar,1
Os Blancos,1
Ourense,4
Quintela de Leirado,1
Rairiz de Veiga,1
Ramirás,1
Ribadavia,1
Riós,1
Rubiá,1
San Cibrao das Viñas,1
San Cristovo de Cea,1
Verín,1
Viana do Bolo,1
Vilamarín,1
Vilamartín de Valdeorras,1
Vilar de Barrio,1
Vilar de Santos,1
Vilariño de Conso,1
Xinzo de Limia,1
Xunqueira de Ambía,1
Xunqueira de Espadanedo,1
A Cañiza,2
A Estrada,1
A Guarda,1
A Illa de Arousa,1
A Lama,1
Arbo,1
Baiona,1
Barro,1
Bueu,3
Caldas de Reis,1
Cambados,5
Campo Lameiro,1
Cangas,5
Catoira,1
Cerdedo-Cotobade,3
Covelo,1
Crecente,1
Cuntis,1
Forcarei,1
Gondomar,1
Lalín,1
Marín,2
Meaño,1
Ablitas,1
Aibar/Oibar,1
Allo,1
Altsasu/Alsasua,1
Andosilla,1
Añorbe,1
Ansoáin/Antsoain,1
Aoiz/Agoitz,1
Aranguren,1
Arguedas,1
Arróniz,1
Artajona,1
Azagra,1
Barañáin/Barañain,1
Baztan,1
Meis,1
Moaña,3
Mondariz,1
Mondariz-Balneario,1
Moraña,1
Mos,1
Nigrán,1
O Grove,2
O Porriño,1
O Rosal,1
Pazos de Borbén,1
Poio,1
Ponte Caldelas,1
Ponteareas,5
Pontecesures,1
Pontevedra,1
Portas,1
Redondela,3
Ribadumia,1
Rodeiro,1
Salceda de Caselas,1
Salvaterra de Miño,1
Sanxenxo,3
Silleda,1
Soutomaior,1
Tomiño,1
Tui,2
Valga,2
Vigo,6
Vila de Cruces,1
Bera,1
Beriáin,1
Berrioplano/Berriobeiti,1
Berriozar,1
Buñuel,1
Burlada/Burlata,1
Cabanillas,1
Cadreita,1
Caparroso,1
Carcastillo,1
Cascante,1
Cáseda,1
Castejón,1
Cintruénigo,1
Corella,1
Cortes,1
Doneztebe/Santesteban,1
Erro,1
Estella-Lizarra,1
Etxarri Aranatz,1
Falces,1
Fitero,1
Fontellas,1
Funes,1
Fustiñana,1
Huarte/Uharte,1
Vilaboa,1
Vilagarcía de Arousa,4
Vilanova de Arousa,6
Irurtzun,1
Larraga,1
Leitza,1
Lekunberri,1
Lerín,1
Lesaka,1
Lodosa,1
Los Arcos,1
Lumbier,1
Mañeru,1
Marcilla,1
Mélida,1
Mendavia,1
Mendigorría,1
Milagro,1
Miranda de Arga,1
Monteagudo,1
Murchante,1
Noáin (Valle de Elorz)/Noain (Elortzibar),1
Obanos,1
Olazti/Olazagutía,1
Olite/Erriberri,1
Oteiza,1
Pamplona/Iruña,11
Peralta/Azkoien,1
Puente la Reina/Gares,1
Ribaforada,1
Roncal/Erronkari,1
San Adrián,1
Sangüesa/Zangoza,1
Sartaguda,1
Sesma,1
Tafalla,1
Tudela,1
Urdiain,1
Valle de Egüés/Eguesibar,1
Valtierra,1
Viana,1
Villafranca,1
Villava/Atarrabia,1
Ziordia,1
Zizur Mayor/Zizur Nagusia,1
Alameda,1
Alcaucín,1
Alfarnate,1
Algarrobo,1
Algatocín,1
Alhaurín de la Torre,1
Alhaurín el Grande,2
Almáchar,1
Almargen,1
Almogía,1
Álora,2
Antequera,1
Árchez,1
Archidona,1
Ardales,1
Arriate,1
Benadalid,1
Benahavís,1
Benalauría,1
Benalmádena,2
Benamargosa,1
Benamocarra,1
Benaoján,1
Benarrabá,1
Campillos,1
Cañete la Real,1
Canillas de Albaida,1
Carratraca,1
Cártama,3
Casares,1
Coín,1
Colmenar,1
Comares,1
Cómpeta,1
Cortes de la Frontera,2
Cuevas Bajas,1
Cuevas de San Marcos,1
Cuevas del Becerro,1
Cútar,1
El Borge,1
El Burgo,1
Estepona,2
Frigiliana,1
Fuengirola,3
Fuente de Piedra,1
Gaucín,1
Genalguacil,1
Humilladero,2
Igualeja,1
Istán,1
Iznate,1
Jimera de Líbar,1
Jubrique,1
Macharaviaya,1
Málaga,24
Manilva,2
Marbella,6
Mijas,4
Moclinejo,1
Mollina,1
Monda,1
Montejaque,1
Nerja,1
Ojén,1
Periana,1
Pizarra,1
Rincón de la Victoria,4
Ronda,2
Sayalonga,1
Sierra de Yeguas,1
Teba,1
Tolox,1
Torremolinos,2
Torrox,3
Totalán,1
Vélez-Málaga,7
Villanueva de Algaidas,1
Villanueva de la Concepción,1
Villanueva de Tapia,1
Villanueva del Rosario,1
Villanueva del Trabuco,1
Viñuela,2
Yunquera,1
Abanilla,1
Abarán,1
Águilas,1
Albudeite,1
Alcantarilla,1
Aledo,1
Alguazas,1
Alhama de Murcia,1
Archena,1
Beniel,1
Blanca,1
Bullas,1
Calasparra,1
Campos del Río,1
Caravaca de la Cruz,5
Cartagena,9
Cehegín,1
Ceutí,2
Cieza,1
Fortuna,1
Fuente Álamo de Murcia,1
Jumilla,1
La Unión,1
Las Torres de Cotillas,1
Librilla,1
Lorca,11
Lorquí,1
Los Alcázares,1
Mazarrón,2
Molina de Segura,3
Moratalla,1
Mula,2
Murcia,24
Ojós,1
Pliego,1
Puerto Lumbreras,2
Ricote,1
San Javier,3
San Pedro del Pinatar,2
Santomera,1
Torre-Pacheco,2
Totana,1
Ulea,1
Villanueva del Río Segura,1
Yecla,3
Alaraz,1
Alba de Tormes,1
Barruecopardo,1
Béjar,1
Cabrerizos,1
Candelario,1
Cantalapiedra,1
Cantalpino,1
Carbajosa de la Sagrada,1
Castellanos de Moriscos,1
Cespedosa de Tormes,1
Ciudad Rodrigo,1
Fuenteguinaldo,1
Fuentes de Oñoro,1
Guijuelo,1
Horcajo Medianero,1
La Alberca,1
La Fuente de San Esteban,1
Ledesma,1
Linares de Riofrío,1
Los Santos,1
Lumbrales,1
Macotera,1
Peñaranda de Bracamonte,1
Robleda,1
Salamanca,9
Santa Marta de Tormes,1
Santibáñez de Béjar,1
Saucelle,1
Tamames,1
Terradillos,1
Valdefuentes de Sangusín,1
Villamayor,1
Villares de la Reina,1
Villarino de los Aires,1
Villavieja de Yeltes,1
Vitigudino,1
A Fonsagrada,1
A Pobra do Brollón,1
Abadín,1
Alfoz,1
Antas de Ulla,1
As Nogais,1
Barreiros,1
Becerreá,1
Bóveda,1
Burela,1
Carballedo,1
Castro de Rei,2
Cervo,2
Chantada,1
Foz,1
Láncara,1
Lourenzá,1
Lugo,2
Meira,1
Mondoñedo,1
Monforte de Lemos,1
Monterroso,1
Muras,1
Navia de Suarna,1
O Saviñao,1
O Valadouro,1
O Vicedo,1
Ourol,1
Outeiro de Rei,1
Palas de Rei,1
Pantón,1
Paradela,1
Pol,1
Quiroga,1
Ribadeo,1
Ribas de Sil,1
Sarria,1
Sober,1
Taboada,1
Trabada,1
Vilalba,1
Viveiro,2
Xermade,1
Xove,1
Albelda de Iregua,1
Alberite,1
Aldeanueva de Ebro,1
Alfaro,1
Arnedo,1
Autol,1
Baños de Río Tobía,1
Calahorra,1
Cenicero,1
Cervera del Río Alhama,1
Ezcaray,1
Fuenmayor,1
Haro,1
Lardero,1
Logroño,2
Murillo de Río Leza,1
Nájera,1
Navarrete,1
Pradejón,1
Quel,1
Rincón de Soto,1
Santo Domingo de la Calzada,1
Villamediana de Iregua,1
Arganza,1
Astorga,1
Bembibre,1
Benavides,1
Boñar,1
Cacabelos,1
Carrizo,1
Cistierna,1
Fabero,1
La Bañeza,1
La Pola de Gordón,3
La Robla,1
León,12
Llamas de la Ribera,1
Mansilla de las Mulas,1
Murias de Paredes,1
Páramo del Sil,1
Ponferrada,8
Sabero,1
Sahagún,1
San Andrés del Rabanedo,2
Santa María del Páramo,1
Santa Marina del Rey,1
Toral de los Vados,1
Toreno,1
Valdepolo,1
Valderas,1
Valencia de Don Juan,1
Valverde de la Virgen,1
Vega de Espinareda,1
Villablino,2
Villafranca del Bierzo,1
Villaquilambre,1
Ajalvir,1
Alcalá de Henares,7
Alcobendas,4
Alcorcón,8
Algete,1
Alpedrete,1
Aranjuez,1
Arganda del Rey,2
Arroyomolinos,1
Becerril de la Sierra,1
Boadilla del Monte,2
Brunete,1
Buitrago del Lozoya,1
Bustarviejo,1
Cadalso de los Vidrios,1
Camarma de Esteruelas,1
Campo Real,1
Cercedilla,1
Chapinería,1
Chinchón,1
Ciempozuelos,1
Cobeña,1
Collado Mediano,1
Collado Villalba,2
Colmenar de Oreja,1
Colmenar del Arroyo,1
Colmenar Viejo,3
Colmenarejo,1
Coslada,2
Cubas de la Sagra,1
Daganzo de Arriba,1
El Álamo,1
El Boalo,1
El Escorial,1
El Molar,1
Fuenlabrada,7
Fuente el Saz de Jarama,1
Fuentidueña de Tajo,1
Galapagar,1
Getafe,5
Griñón,1
Guadalix de la Sierra,1
Guadarrama,1
Hoyo de Manzanares,1
Humanes de Madrid,1
La Cabrera,1
Las Rozas de Madrid,3
Leganés,5
Loeches,1
Los Molinos,1
Madrid,74
Majadahonda,1
Manzanares el Real,1
Meco,1
Mejorada del Campo,1
Miraflores de la Sierra,1
Moraleja de Enmedio,1
Moralzarzal,1
Morata de Tajuña,1
Móstoles,5
Navacerrada,1
Navalcarnero,1
Paracuellos de Jarama,1
Parla,2
Pedrezuela,1
Pinto,2
Pozuelo de Alarcón,3
Rascafría,1
Rivas-Vaciamadrid,3
Robledo de Chavela,1
San Agustín del Guadalix,1
San Fernando de Henares,1
San Lorenzo de El Escorial,1
San Martín de la Vega,1
San Martín de Valdeiglesias,1
San Sebastián de los Reyes,3
Sevilla la Nueva,1
Soto del Real,1
Talamanca de Jarama,1
Tielmes,1
Torrejón de Ardoz,4
Torrejón de la Calzada,1
Torrejón de Velasco,1
Torrelaguna,1
Torrelodones,2
Torremocha de Jarama,1
Torres de la Alameda,1
Tres Cantos,2
Valdemorillo,1
Valdemoro,3
Valdilecha,1
Velilla de San Antonio,1
Villa del Prado,1
Villaconejos,1
Villalbilla,2
Villanueva de la Cañada,1
Villanueva del Pardillo,1
Villarejo de Salvanés,1
Villaviciosa de Odón,1
Alcalá la Real,2
Alcaudete,1
Aldeaquemada,1
Andújar,7
Arjona,1
Arjonilla,1
Arquillos,1
Arroyo del Ojanco,1
Baeza,4
Bailén,1
Baños de la Encina,1
Beas de Segura,1
Bedmar y Garcíez,1
Begíjar,1
Benatae,1
Cabra del Santo Cristo,1
Cambil,1
Campillo de Arenas,1
Canena,1
Cárcheles,1
Castellar,1
Castillo de Locubín,1
Cazorla,1
Espeluy,1
Fuensanta de Martos,1
Huelma,1
Huesa,1
Ibros,1
Jaén,4
Jamilena,1
Jimena,1
Jódar,1
La Carolina,1
La Guardia de Jaén,1
La Iruela,1
La Puerta de Segura,1
Lahiguera,1
Linares,2
Lopera,1
Los Villares,1
Lupión,1
Mancha Real,1
Marmolejo,1
Martos,2
Mengíbar,1
Montizón,1
Navas de San Juan,1
Orcera,1
Peal de Becerro,1
Porcuna,1
Pozo Alcón,1
Puente de Génave,1
Quesada,1
Rus,1
Sabiote,1
Santiago-Pontones,1
Santisteban del Puerto,1
Segura de la Sierra,1
Siles,1
Sorihuela del Guadalimar,1
Torredelcampo,1
Torredonjimeno,1
Torreperogil,1
Torres de Albánchez,1
Úbeda,1
Valdepeñas de Jaén,1
Vilches,1
Villacarrillo,1
Villanueva de la Reina,1
Villanueva del Arzobispo,1
Villardompardo,1
Villarrodrigo,1
Villatorres,1
Àger,1
Agramunt,1
Albesa,1
Alcarràs,1
Alguaire,1
Almenar,1
Alpicat,1
Arbeca,1
Artesa de Segre,1
Balaguer,1
Belianes,1
Bell-lloc d'Urgell,1
Bellpuig,1
Bellvís,1
Castelldans,1
Castellserà,1
Cervera,1
Cervià de les Garrigues,1
El Palau d'Anglesola,1
El Pont de Suert,1
Esterri d'Àneu,1
Guissona,1
Juneda,1
L' Albagés,1
La Granadella,1
La Granja d'Escarp,1
La Pobla de Segur,1
La Seu d'Urgell,1
Les Borges Blanques,1
Linyola,1
Lleida,4
Mollerussa,1
Puigverd de Lleida,1
Solsona,1
Sort,1
Tàrrega,1
Torregrossa,1
Torres de Segre,1
Tremp,1
Vielha e Mijaran,1
Vinaixa,1
Melilla,1
Ceuta,1
Aguarón,1
Ainzón,1
Alagón,1
Alfajarín,1
Alfamén,1
Almonacid de la Sierra,1
Alpartir,1
Aniñón,1
Ariza,1
Ateca,1
Belchite,1
Biota,1
Borja,1
Botorrita,1
Brea de Aragón,1
Bujaraloz,1
Cabañas de Ebro,1
Cadrete,1
Calatayud,1
Calatorao,1
Cariñena,1
Caspe,1
Cinco Olivas,1
Cosuenda,1
Cuarte de Huerva,1
Daroca,1
Ejea de los Caballeros,2
El Burgo de Ebro,1
El Frago,1
Épila,1
Erla,1
Escatrón,1
Fabara,1
Fayón,1
Figueruelas,1
Fuendejalón,1
Fuentes de Ebro,1
Gallur,1
Gelsa,1
Illueca,1
La Almolda,1
La Almunia de Doña Godina,1
La Muela,1
La Puebla de Alfindén,1
La Zaida,1
Layana,1
Lécera,1
Leciñena,1
Longares,1
Lucena de Jalón,1
Luceni,1
Luesia,1
Lumpiaque,1
Luna,1
Maella,1
Magallón,1
Maleján,1
Mallén,1
Maluenda,1
María de Huerva,1
Mediana de Aragón,1
Mequinenza,1
Monegrillo,1
Morata de Jalón,1
Muel,1
Nuez de Ebro,1
Paniza,1
Paracuellos de la Ribera,1
Pastriz,1
Pedrola,1
Perdiguera,1
Pina de Ebro,1
Pinseque,1
Pradilla de Ebro,1
Quinto,1
Remolinos,1
Ricla,1
Rueda de Jalón,1
Sabiñán,1
Sádaba,1
San Mateo de Gállego,1
Sástago,1
Sobradiel,1
Sos del Rey Católico,1
Tarazona,1
Tauste,1
Torres de Berrellén,1
Torrijo de la Cañada,1
Uncastillo,1
Utebo,1
Velilla de Ebro,1
Vera de Moncayo,1
Villafranca de Ebro,1
Villalengua,1
Villamayor de Gállego,1
Villanueva de Gállego,1
Villarroya de la Sierra,1
Zaragoza,28
Zuera,2
Abadiño,2
Abanto y Ciérvana-Abanto Zierbena,2
Ajangiz,1
Alonsotegi,1
Amorebieta-Etxano,1
Arantzazu,1
Arrieta,1
Arrigorriaga,2
Atxondo,1
Aulesti,1
Bakio,1
Balmaseda,1
Barakaldo,7
Barrika,1
Basauri,5
Bedia,1
Berango,1
Bermeo,1
Berriatua,1
Berriz,1
Bilbao,17
Busturia,1
Derio,1
Durango,1
Ea,1
Elorrio,1
Erandio,2
Ermua,1
Etxebarri,2
Etxebarria,1
Forua,1
Fruiz,1
Galdakao,3
Gatika,1
Gernika-Lumo,1
Getxo,3
Gordexola,1
Gorliz,1
Güeñes,3
Ibarrangelu,1
Igorre,1
Iurreta,1
Izurtza,1
Karrantza Harana/Valle de Carranza,1
Kortezubi,1
Larrabetzu,1
Laukiz,1
Leioa,1
Lekeitio,1
Lemoa,1
Lemoiz,1
Lezama,1
Loiu,1
Mallabia,1
Mañaria,1
Markina-Xemein,1
Maruri-Jatabe,1
Meñaka,1
Mundaka,1
Mungia,1
Munitibar-Arbatzegi Gerrikaitz,1
Muskiz,1
Muxika,1
Ondarroa,1
Orozko,1
Ortuella,1
Otxandio,1
Plentzia,1
Portugalete,1
Santurtzi,7
Sestao,1
Sondika,1
Sopela,1
Sopuerta,1
Trucios-Turtzioz,1
Ugao-Miraballes,1
Urduliz,1
Urduña/Orduña,1
Valle de Trápaga-Trapagaran,1
Zaldibar,1
Zalla,2
Zamudio,1
Zaratamo,2
Zierbena,1
Alaejos,1
Aldeamayor de San Martín,1
Arroyo de la Encomienda,1
Boecillo,1
Cabezón de Pisuerga,1
Campaspero,1
Cigales,1
Cistérniga,1
Íscar,1
Laguna de Duero,1
Mayorga,1
Medina de Rioseco,1
Medina del Campo,1
Mojados,1
Montemayor de Pililla,1
Nava del Rey,1
Olmedo,1
Pedrajas de San Esteban,1
Peñafiel,1
Portillo,1
Quintanilla de Onésimo,1
Renedo de Esgueva,1
Santovenia de Pisuerga,1
Simancas,1
Tordesillas,1
Tudela de Duero,1
Valladolid,23
Viana de Cega,1
Villalón de Campos,1
Zaratán,1
Alcañices,1
Almeida de Sayago,1
Benavente,1
Bermillo de Sayago,1
Coreses,1
Fermoselle,1
Fuentes de Ropel,1
Fuentesaúco,1
Manganeses de la Lampreana,1
Morales de Toro,1
Morales del Vino,1
Puebla de Sanabria,1
Rionegro del Puente,1
San Cristóbal de Entreviñas,1
Santa Cristina de la Polvorosa,1
Santibáñez de Vidriales,1
Tábara,1
Toro,1
Villalpando,1
Villamayor de Campos,1
Villanueva del Campo,1
Villaralbo,1
Zamora,7
Aguaviva,1
Albalate del Arzobispo,1
Albarracín,1
Alcalá de la Selva,1
Alcañiz,3
Alcorisa,1
Aliaga,1
Alloza,1
Andorra,1
Ariño,1
Báguena,1
Beceite,1
Bronchales,1
Calaceite,1
Calamocha,1
Calanda,1
Castellote,1
Castelserás,1
Cedrillas,1
Cella,1
Cretas,1
Escucha,1
Gea de Albarracín,1
Híjar,1
La Codoñera,1
La Puebla de Híjar,1
Manzanera,1
Mas de las Matas,1
Monreal del Campo,1
Monroyo,1
Montalbán,1
Mora de Rubielos,1
Mosqueruela,1
Muniesa,1
Ojos Negros,1
Orihuela del Tremedal,1
Peñarroya de Tastavins,1
Rubielos de Mora,1
Samper de Calanda,1
Santa Eulalia,1
Sarrión,1
Teruel,1
Torre del Compte,1
Torrijo del Campo,1
Urrea de Gaén,1
Utrillas,1
Valdealgorfa,1
Valdeltormo,1
Valderrobres,1
Valjunquera,1
Villarquemado,1
Ajofrín,1
Alameda de la Sagra,1
Alcabón,1
Alcaudete de la Jara,1
Almorox,1
Añover de Tajo,1
Arcicóllar,1
Argés,1
Bargas,1
Belvís de la Jara,1
Borox,1
Buenaventura,1
Burguillos de Toledo,1
Burujón,1
Cabañas de la Sagra,1
Cabezamesada,1
Calera y Chozas,2
Calzada de Oropesa,1
Camarena,1
Camarenilla,1
Camuñas,1
Carmena,1
Carranque,1
Casarrubios del Monte,2
Castillo de Bayuela,1
Cebolla,1
Cedillo del Condado,1
Cervera de los Montes,1
Chozas de Canales,1
Ciruelos,1
Cobeja,1
Cobisa,1
Consuegra,1
Corral de Almaguer,1
Cuerva,1
Dosbarrios,1
El Carpio de Tajo,1
El Real de San Vicente,1
El Toboso,1
El Viso de San Juan,1
Erustes,1
Escalona,1
Escalonilla,1
Esquivias,1
Fuensalida,1
Gálvez,1
Gerindote,1
Guadamur,1
Hinojosa de San Vicente,1
Huecas,1
Huerta de Valdecarábanos,1
Illescas,1
La Guardia,1
La Mata,1
La Puebla de Almoradiel,1
La Puebla de Montalbán,1
La Pueblanueva,1
La Torre de Esteban Hambrán,1
La Villa de Don Fadrique,1
Lagartera,1
Lillo,1
Lominchar,1
Los Cerralbos,1
Los Navalmorales,1
Los Navalucillos,1
Los Yébenes,1
Lucillos,1
Madridejos,1
Magán,1
Malpica de Tajo,1
Maqueda,1
Mascaraque,1
Mazarambroz,1
Mejorada,1
Menasalbas,1
Méntrida,1
Miguel Esteban,1
Mocejón,1
Montearagón,1
Mora,1
Nambroca,1
Navahermosa,1
Navalcán,1
Noblejas,1
Noez,1
Novés,1
Numancia de la Sagra,1
Ocaña,1
Olías del Rey,1
Ontígola,1
Orgaz,1
Oropesa,1
Palomeque,1
Pantoja,1
Pepino,1
Polán,1
Portillo de Toledo,1
Pulgar,1
Quero,1
Quintanar de la Orden,1
Recas,1
Rielves,1
San Martín de Montalbán,1
San Pablo de los Montes,1
San Román de los Montes,1
Santa Cruz de la Zarza,1
Santa Cruz del Retamar,1
Santa Olalla,1
Segurilla,1
Seseña,2
Sonseca,1
Talavera de la Reina,5
Tembleque,1
Toledo,7
Torrijos,1
Totanés,1
Ugena,1
Urda,1
Valmojado,1
Velada,1
Villacañas,1
Villafranca de los Caballeros,1
Villaluenga de la Sagra,1
Villamiel de Toledo,1
Villaminaya,1
Villanueva de Alcardete,1
Villanueva de Bogas,1
Villarrubia de Santiago,1
Villaseca de la Sagra,1
Villasequilla,1
Villatobas,1
Yeles,1
Yepes,1
Yuncler,1
Yunclillos,1
Yuncos,1
Ágreda,1
Almarza,1
Almazán,1
Arcos de Jalón,1
Berlanga de Duero,1
Burgo de Osma-Ciudad de Osma,1
Covaleda,1
Duruelo de la Sierra,1
Golmayo,1
Medinaceli,1
Morón de Almazán,1
Navaleno,1
Ólvega,1
San Esteban de Gormaz,1
San Leonardo de Yagüe,1
San Pedro Manrique,1
Soria,3
Vinuesa,1
Alcanar,2
Alcover,1
Alforja,1
Altafulla,1
Amposta,1
Ascó,1
Banyeres del Penedès,1
Benifallet,1
Benissanet,1
Calafell,2
Camarles,1
Cambrils,1
Constantí,1
Corbera d'Ebre,1
Creixell,1
Cunit,1
Deltebre,1
El Catllar,1
El Perelló,1
El Vendrell,1
Els Pallaresos,1
Falset,1
Flix,1
Gandesa,1
Ginestar,1
L' Ametlla de Mar,1
L' Ampolla,1
L' Arboç,1
L' Espluga de Francolí,1
La Bisbal del Penedès,1
La Canonja,1
La Fatarella,1
La Nou de Gaià,1
La Selva del Camp,1
La Sénia,1
Llorenç del Penedès,1
Masdenverge,1
Montblanc,1
Mont-roig del Camp,2
Móra d'Ebre,1
Móra la Nova,1
Reus,2
Riba-roja d'Ebre,1
Riudoms,1
Roda de Berà,1
Roquetes,1
Salou,1
Sant Carles de la Ràpita,1
Sant Jaume d'Enveja,1
Santa Bàrbara,1
Santa Coloma de Queralt,1
Sarral,1
Tarragona,2
Tivissa,1
Torredembarra,2
Tortosa,3
Ulldecona,1
Valls,1
Vandellòs i l'Hospitalet de l'Infant,2
Vila-seca,2
Ador,1
Agullent,1
Aielo de Malferit,1
Aielo de Rugat,1
Alaquàs,1
Albaida,1
Albal,1
Albalat de la Ribera,1
Albalat dels Sorells,1
Albalat dels Tarongers,1
Alberic,1
Alborache,1
Alboraia/Alboraya,1
Albuixech,1
Alcàntera de Xúquer,1
Alcàsser,1
Alcublas,1
Aldaia,1
Alfafar,2
Alfara de la Baronia,1
Alfara del Patriarca,1
Alfarrasí,1
Algemesí,1
Alginet,1
Almàssera,1
Almoines,1
Almussafes,1
Alzira,1
Atzeneta d'Albaida,1
Ayora,1
Barx,1
Barxeta,1
Bèlgida,1
Bellreguard,1
Benaguasil,1
Benetússer,1
Beniarjó,1
Benicull de Xúquer,1
Benifaió,1
Benifairó de la Valldigna,1
Benifairó de les Valls,1
Benigànim,1
Benimodo,1
Beniparrell,1
Benirredrà,1
Bétera,1
Bicorp,1
Bocairent,1
Bolbaite,1
Bonrepòs i Mirambell,1
Buñol,1
Burjassot,1
Camporrobles,1
Canals,1
Canet d'En Berenguer,1
Carcaixent,1
Càrcer,1
Carlet,1
Castelló de Rugat,1
Catarroja,1
Caudete de las Fuentes,1
Chelva,1
Cheste,1
Chiva,1
Cofrentes,1
Corbera,1
Cotes,1
Cullera,1
Daimús,1
El Palomar,1
El Puig de Santa Maria,1
El Real de Gandía,1
Enguera,1
Faura,1
Foios,1
Fontanars dels Alforins,1
Fortaleny,1
Fuenterrobles,1
Gandia,7
Gilet,1
Godella,1
Godelleta,1
Guadasséquies,1
Guadassuar,1
Higueruelas,1
Jalance,1
Jarafuel,1
L' Alcúdia,1
L' Alcúdia de Crespins,1
L' Alqueria de la Comtessa,1
L' Eliana,1
L' Olleria,1
La Font de la Figuera,1
La Font d'En Carròs,1
La Llosa de Ranes,1
La Pobla de Farnals,1
La Pobla de Vallbona,1
La Pobla del Duc,1
La Pobla Llarga,1
Llíria,2
Llombai,1
Llutxent,1
Loriguilla,1
Macastre,1
Manises,3
Manuel,1
Marines,1
Massalavés,1
Massalfassar,1
Massamagrell,1
Massanassa,1
Meliana,1
Miramar,1
Mislata,3
Mogente/Moixent,1
Moncada,1
Montaverner,1
Montroi/Montroy,1
Montserrat,1
Museros,1
Náquera,1
Oliva,2
Ontinyent,3
Paiporta,1
Palma de Gandía,1
Palmera,1
Paterna,4
Pedralba,1
Picanya,1
Picassent,1
Piles,1
Polinyà de Xúquer,1
Potries,1
Puçol,1
Quart de les Valls,1
Quart de Poblet,1
Quatretonda,1
Rafelbunyol,1
Rafelcofer,1
Rafelguaraf,1
Requena,1
Riba-roja de Túria,2
Rocafort,1
Sagunto/Sagunt,2
Salem,1
Sedaví,1
Senyera,1
Serra,1
Siete Aguas,1
Silla,1
Simat de la Valldigna,1
Sollana,1
Sueca,3
Tavernes Blanques,1
Tavernes de la Valldigna,1
Titaguas,1
Torrent,2
Tous,1
Tuéjar,1
Turís,1
Utiel,1
València,31
Vallada,1
Vilallonga/Villalonga,1
Vilamarxant,1
Villanueva de Castellón,1
Vinalesa,1
Xàtiva,1
Xeraco,1
Xirivella,3
Yátova,1
Aguadulce,1
Albaida del Aljarafe,1
Alcalá de Guadaíra,2
Alcalá del Río,1
Alcolea del Río,1
Algámitas,1
Almensilla,1
Arahal,1
Aznalcázar,1
Aznalcóllar,1
Badolatosa,1
Bollullos de la Mitación,1
Bormujos,1
Brenes,1
Burguillos,1
Camas,1
Cañada Rosal,1
Cantillana,1
Carmona,2
Casariche,1
Castilblanco de los Arroyos,1
Castilleja de Guzmán,1
Castilleja de la Cuesta,1
Castilleja del Campo,1
Cazalla de la Sierra,1
Constantina,1
Coria del Río,1
Coripe,1
Dos Hermanas,2
Écija,1
El Castillo de las Guardas,1
El Coronil,1
El Cuervo de Sevilla,1
El Madroño,1
El Pedroso,1
El Ronquillo,1
El Rubio,1
El Saucejo,1
El Viso del Alcor,1
Espartinas,1
Estepa,1
Fuentes de Andalucía,1
Gelves,1
Gerena,1
Gilena,1
Gines,1
Guadalcanal,1
Guillena,3
Herrera,1
Huévar del Aljarafe,1
Isla Mayor,1
La Algaba,1
La Campana,1
La Luisiana,1
La Puebla de Cazalla,1
La Puebla de los Infantes,1
La Puebla del Río,1
La Rinconada,3
La Roda de Andalucía,1
Lantejuela,1
Las Cabezas de San Juan,2
Las Navas de la Concepción,1
Lebrija,1
Lora de Estepa,1
Lora del Río,3
Los Corrales,1
Los Molares,1
Los Palacios y Villafranca,1
Mairena del Alcor,2
Mairena del Aljarafe,2
Marchena,1
Marinaleda,1
Martín de la Jara,1
Montellano,1
Morón de la Frontera,2
Olivares,1
Osuna,1
Palomares del Río,1
Paradas,1
Pedrera,1
Peñaflor,1
Pilas,1
Pruna,1
Salteras,1
San Juan de Aznalfarache,1
San Nicolás del Puerto,1
Sanlúcar la Mayor,1
Santiponce,1
Sevilla,16
Tocina,2
Tomares,1
Utrera,2
Valencina de la Concepción,1
Villamanrique de la Condesa,1
Villanueva de San Juan,1
Villanueva del Ariscal,1
Villanueva del Río y Minas,1
Villaverde del Río,1
Ayllón,1
Cantalejo,1
Cantimpalos,1
Carbonero el Mayor,1
Coca,1
Cuéllar,1
El Espinar,2
Fuentepelayo,1
Hontanares de Eresma,1
Mozoncillo,1
Nava de la Asunción,1
Navalmanzano,1
Navas de Oro,1
Palazuelos de Eresma,3
Riaza,1
Sacramenia,1
San Cristóbal de Segovia,1
San Ildefonso,1
Segovia,1
Sepúlveda,1
Trescasas,1
Turégano,1
Alájar,1
Aljaraque,2
Almonte,3
Alosno,2
Aracena,1
Arroyomolinos de León,1
Ayamonte,1
Beas,1
Bollullos Par del Condado,1
Bonares,1
Aínsa-Sobrarbe,1
Albalate de Cinca,1
Cabezas Rubias,1
Cala,1
Calañas,1
Campofrío,1
Cañaveral de León,1
Cartaya,1
Chucena,1
Corteconcepción,1
Cortegana,1
Cortelazor,1
Cumbres de San Bartolomé,1
Cumbres Mayores,1
El Cerro de Andévalo,1
Encinasola,1
Escacena del Campo,1
Albelda,1
Alcalá de Gurrea,1
Alcampell,1
Alcolea de Cinca,1
Alcubierre,1
Almudévar,1
Almunia de San Juan,1
Altorricón,1
Ansó,1
Arén,1
Ayerbe,1
Azara,1
Ballobar,1
Barbastro,1
Belver de Cinca,1
Benabarre,1
Benasque,1
Berbegal,1
Bielsa,1
Biescas,1
Binaced,1
Binéfar,1
Biscarrués,1
Boltaña,1
Galaroza,1
Gibraleón,2
Higuera de la Sierra,1
Hinojales,1
Hinojos,1
Huelva,8
Isla Cristina,1
Jabugo,2
La Granada de Río-Tinto,1
La Nava,1
La Palma del Condado,1
Lepe,2
Linares de la Sierra,1
Minas de Riotinto,1
Moguer,2
Nerva,1
Niebla,1
Palos de la Frontera,1
Paterna del Campo,1
Paymogo,1
Puebla de Guzmán,1
Puerto Moral,1
Punta Umbría,1
Rociana del Condado,1
Rosal de la Frontera,1
San Bartolomé de la Torre,1
San Juan del Puerto,1
San Silvestre de Guzmán,1
Santa Olalla del Cala,1
Trigueros,1
Valverde del Camino,1
Villablanca,1
Campo,1
Canfranc,1
Castejón de Monegros,1
Castejón de Sos,1
Castejón del Puente,1
Castillonroy,1
El Grado,1
Esplús,1
Estada,1
Estadilla,1
Fiscal,1
Fonz,1
Fraga,4
Grañén,1
Graus,1
Gurrea de Gállego,1
Hoz y Costean,2
Huesca,3
Jaca,1
La Fueva,1
Labuerda,1
Lalueza,1
Lanaja,1
Laspuña,1
Monzón,1
Naval,1
Osso de Cinca,1
Panticosa,1
Peñalba,1
Peralta de Alcofea,1
Poleñino,1
Robres,1
Villalba del Alcor,1
Villanueva de las Cruces,1
Villanueva de los Castillejos,1
Villarrasa,1
Zalamea la Real,1
Zufre,1
Sabiñánigo,1
Salas Altas,1
Sallent de Gállego,2
San Esteban de Litera,1
San Miguel del Cinca,2
Sariñena,1
Siétamo,1
Tamarite de Litera,1
Tardienta,1
Torrente de Cinca,1
Valle de Hecho,1
Velilla de Cinca,1
Vencillón,1
Zaidín,1
Alfoz de Lloredo,1
Ampuero,1
Argoños,1
Bárcena de Cicero,1
Bárcena de Pie de Concha,1
Bareyo,1
Cabezón de la Sal,1
Camaleño,1
Camargo,1
Cartes,1
Castro-Urdiales,1
Colindres,1
Comillas,1
El Astillero,1
Entrambasaguas,1
Laredo,1
Liendo,1
Limpias,1
Los Corrales de Buelna,1
Mazcuerras,2
Medio Cudeyo,1
Meruelo,1
Noja,1
Piélagos,2
Polanco,1
Potes,1
Ramales de la Victoria,1
Reinosa,1
Ruente,1
Ruiloba,1
San Vicente de la Barquera,1
Santa Cruz de Bezana,2
Santa María de Cayón,2
Santander,7
Santillana del Mar,1
Santoña,1
Selaya,1
Suances,1
Torrelavega,2
Val de San Vicente,1
Valdáliga,1
Valdeolea,1
Valdeprado del Río,1
Villaescusa,1
Voto,1
Albalate de Zorita,1
Albares,1
Alcoroches,1
Almonacid de Zorita,1
Alovera,1
Alustante,1
Aranzueque,1
Azuqueca de Henares,1
Berninches,1
Brihuega,1
Budia,1
Cabanillas del Campo,1
Chiloeches,1
Cifuentes,2
Cogolludo,1
Durón,1
El Casar,1
Espinosa de Henares,1
Fontanar,1
Fuentelencina,1
Fuentenovilla,1
Galápagos,1
Guadalajara,2
Horche,1
Humanes,1
Illana,1
Jadraque,1
Loranca de Tajuña,1
Lupiana,1
Maranchón,1
Marchamalo,1
Molina de Aragón,2
Mondéjar,1
Pastrana,1
Pioz,1
Pozo de Guadalajara,1
Quer,1
Sacedón,1
Sigüenza,1
Tendilla,1
Torija,1
Torrejón del Rey,1
Tórtola de Henares,1
Trijueque,1
Trillo,1
Uceda,2
Villanueva de la Torre,1
Yebes,2
Yunquera de Henares,1
Abaltzisketa,1
Aduna,1
Aia,1
Aizarnazabal,1
Albiztur,1
Alegia,1
Alkiza,1
Altzo,1
Amezketa,1
Andoain,1
Anoeta,1
Antzuola,1
Arama,1
Aretxabaleta,1
Arrasate/Mondragón,2
Asteasu,1
Astigarraga,1
Ataun,1
Azkoitia,1
Azpeitia,1
Baliarrain,1
Beasain,1
Berastegi,1
Bergara,1
Berrobi,1
Bidania-Goiatz,1
Deba,1
Donostia/San Sebastián,14
Eibar,1
Elgeta,1
Elgoibar,1
Errenteria,1
Eskoriatza,1
Ezkio-Itsaso,1
Getaria,1
Hernani,1
Hondarribia,1
Ibarra,1
Idiazabal,1
Ikaztegieta,1
Irun,1
Irura,1
Itsasondo,1
Larraul,1
Lasarte-Oria,1
Lazkao,1
Leaburu,1
Legazpi,1
Legorreta,1
Lezo,1
Lizartza,1
Mendaro,1
Mutriku,1
Oiartzun,1
Olaberria,1
Oñati,1
Ordizia,1
Orendain,1
Orio,1
Ormaiztegi,1
Pasaia,3
Segura,1
Soraluze-Placencia de las Armas,1
Tolosa,1
Urnieta,1
Urretxu,1
Usurbil,1
Villabona,1
Zaldibia,1
Zarautz,1
Zegama,1
Zestoa,1
Zizurkil,1
Zumaia,1
Zumarraga,1
Albolote,2
Albuñol,1
Albuñuelas,1
Alfacar,1
Algarinejo,1
Alhama de Granada,2
Alhendín,1
Almuñécar,2
Alpujarra de la Sierra,1
Arenas del Rey,1
Armilla,1
Atarfe,1
Baza,1
Benalúa,1
Bérchules,1
Bubión,1
Cádiar,1
Cájar,1
Calicasas,1
Caniles,1
Capileira,1
Cenes de la Vega,1
Chauchina,1
Churriana de la Vega,1
Cijuela,1
Cuevas del Campo,1
Cúllar,1
Cúllar Vega,1
Dúrcal,1
El Valle,1
Fuente Vaqueros,1
Galera,1
Gójar,1
Granada,9
Guadix,1
Gualchos,2
Güéjar Sierra,1
Güevéjar,1
Huéscar,1
Huétor de Santillán,1
Huétor Tájar,1
Huétor Vega,1
Íllora,1
La Malahá,1
La Taha,1
La Zubia,1
Láchar,1
Lanjarón,1
Las Gabias,2
Loja,2
Maracena,1
Moclín,3
Monachil,2
Montefrío,1
Montejícar,1
Moraleda de Zafayona,1
Motril,8
Nigüelas,1
Ogíjares,1
Orce,1
Órgiva,1
Padul,1
Peligros,1
Pinos Puente,2
Puebla de Don Fadrique,1
Pulianas,1
Quéntar,1
Salar,1
Salobreña,2
Santa Fe,2
Ugíjar,1
Vegas del Genil,1
Villa de Otura,1
Villanueva Mesía,1
Zafarraya,1
Aín,1
Alcalà de Xivert,2
Alcudia de Veo,1
Algimia de Almonacid,1
Almassora,1
Almenara,1
Altura,1
Argelita,1
Artana,1
Bejís,1
Benicarló,1
Benicasim/Benicàssim,2
Betxí,1
Borriana/Burriana,1
Borriol,1
Cabanes,1
Castellnovo,1
Castellón de la Plana/Castelló de la Plana,11
Caudiel,1
Chilches/Xilxes,1
Costur,1
Eslida,1
Figueroles,1
Forcall,1
Fuentes de Ayódar,1
Geldo,1
Jérica,1
L' Alcora,1
La Llosa,1
La Pobla Tornesa,1
La Vall d'Uixó,2
La Vilavella,1
Les Alqueries/Alquerías del Niño Perdido,1
Les Coves de Vinromà,1
Llucena/Lucena del Cid,1
Moncofa,1
Nules,1
Onda,1
Oropesa del Mar/Orpesa,1
Peníscola/Peñíscola,1
Ribesalbes,1
Rossell,1
Sant Joan de Moró,1
Sant Mateu,1
Santa Magdalena de Pulpis,1
Segorbe,2
Sot de Ferrer,1
Tales,1
Torreblanca,1
Vilafamés,1
Vilanova d'Alcolea,1
Vila-real,4
Villafranca del Cid/Vilafranca,1
Vinaròs,1
Viver,1
Anglès,1
Arbúcies,1
Banyoles,1
Begur,1
Besalú,1
Bescanó,1
Blanes,1
Breda,1
Caldes de Malavella,1
Calonge,2
Campdevànol,1
Cassà de la Selva,1
Castellfollit de la Roca,1
Castelló d'Empúries,1
Castell-Platja d'Aro,1
Celrà,1
Figueres,1
Garriguella,1
Girona,5
Hostalric,1
L' Escala,1
La Bisbal d'Empordà,1
La Jonquera,1
Llagostera,1
Llançà,1
Lloret de Mar,1
Maçanet de la Selva,1
Olot,1
Palafrugell,1
Palamós,1
Porqueres,1
Puigcerdà,1
Quart,1
Ribes de Freser,1
Ripoll,1
Roses,1
Salt,2
Sant Feliu de Guíxols,1
Sant Feliu de Pallerols,1
Sant Gregori,1
Sant Hilari Sacalm,1
Sant Joan de les Abadesses,1
Sant Joan les Fonts,1
Santa Coloma de Farners,1
Santa Cristina d'Aro,1
Sarrià de Ter,1
Sils,1
Torroella de Montgrí,2
Tossa de Mar,1
Vidreres,1
Vilajuïga,1
Vilobí d'Onyar,1
Alcalá de los Gazules,1
Alcalá del Valle,1
Algar,1
Algeciras,3
Algodonales,1
Arcos de la Frontera,3
Barbate,2
Benalup-Casas Viejas,1
Benaocaz,1
Bornos,2
Cádiz,5
Chiclana de la Frontera,1
Chipiona,1
Conil de la Frontera,1
El Bosque,1
El Gastor,1
El Puerto de Santa María,1
Espera,1
Grazalema,2
Jerez de la Frontera,10
Jimena de la Frontera,1
La Línea de la Concepción,1
Los Barrios,2
Medina Sidonia,1
Olvera,1
Paterna de Rivera,1
Prado del Rey,1
Adamuz,1
Aguilar de la Frontera,1
Alcaracejos,1
Almedinilla,1
Almodóvar del Río,1
Añora,1
Baena,1
Belmez,2
Benamejí,1
Bujalance,1
Cabra,2
Cañete de las Torres,1
Carcabuey,1
Cardeña,1
Castro del Río,1
Conquista,1
Córdoba,14
Doña Mencía,1
Dos Torres,1
El Carpio,1
El Guijo,1
El Viso,1
Encinas Reales,1
Espejo,1
Espiel,1
Fernán-Núñez,1
Fuente Obejuna,1
Alarcón,1
Albalate de las Nogueras,1
Albendea,1
Aliaguilla,1
Almodóvar del Pinar,1
Almonacid del Marquesado,1
Arcas,1
Barajas de Melo,1
Belmonte,1
Beteta,1
Buenache de Alarcón,1
Buendía,1
Campillo de Altobuey,1
Campos del Paraíso,1
Cañamares,1
Cañete,1
Cañizares,2
Carboneras de Guadazaón,1
Cardenete,1
Casas de Benítez,1
Casas de Fernando Alonso,1
Casas de Haro,1
Casas de los Pinos,1
Casasimarro,1
Chillarón de Cuenca,1
Cuenca,6
Puerto Real,1
Puerto Serrano,1
Rota,2
San Fernando,2
San José del Valle,1
San Roque,5
Sanlúcar de Barrameda,1
Setenil de las Bodegas,1
Tarifa,2
Torre Alháquime,1
Trebujena,1
Ubrique,1
Vejer de la Frontera,1
Villamartín,1
Zahara,1
Fuente Palmera,3
Fuente-Tójar,1
Guadalcázar,1
Hinojosa del Duque,1
Hornachuelos,1
Iznájar,1
La Carlota,1
La Rambla,1
La Victoria,1
Lucena,1
Luque,1
Montalbán de Córdoba,1
Montemayor,1
Montilla,1
Montoro,1
Monturque,1
Moriles,1
Nueva Carteya,1
Obejo,2
Palenciana,1
Palma del Río,1
Pedro Abad,1
Pedroche,1
Peñarroya-Pueblonuevo,1
Posadas,1
Pozoblanco,1
Priego de Córdoba,1
Puente Genil,2
Rute,2
San Sebastián de los Ballesteros,1
El Herrumblar,1
El Pedernoso,1
El Peral,1
El Picazo,1
El Provencio,1
Fuente de Pedro Naharro,1
Fuentes,1
Graja de Iniesta,1
Honrubia,1
Horcajo de Santiago,1
Huete,1
Iniesta,1
La Alberca de Záncara,1
La Frontera,1
Landete,1
Las Majadas,1
Las Mesas,1
Las Pedroñeras,1
Las Valeras,1
Ledaña,1
Los Hinojosos,1
Minglanilla,1
Mira,1
Montalbo,1
Mota del Cuervo,1
Motilla del Palancar,1
Osa de la Vega,1
Palomares del Campo,1
Pozorrubielos de la Mancha,1
Pozorrubio de Santiago,1
Priego,1
Puebla de Almenara,1
Quintanar del Rey,1
Saelices,1
Santaella,2
Torrecampo,1
Valenzuela,1
Valsequillo,1
Villa del Río,1
Villafranca de Córdoba,1
Villaharta,1
Villanueva de Córdoba,1
Villanueva del Duque,1
Villanueva del Rey,1
Villaralto,1
Villaviciosa de Córdoba,1
San Clemente,1
San Lorenzo de la Parrilla,1
Santa Cruz de Moya,1
Santa María de los Llanos,1
Santa María del Campo Rus,1
Sisante,1
Sotorribas,2
Talayuelas,1
Tarancón,1
Tébar,1
Torrubia del Campo,1
Tragacete,1
Uclés,1
Vara de Rey,1
Villaconejos de Trabaque,1
Villaescusa de Haro,1
Villagarcía del Llano,1
Villalba de la Sierra,1
Villalpardo,1
Villamayor de Santiago,1
Villanueva de la Jara,1
Villar de Olalla,1
Villarejo de Fuentes,1
Villarejo-Periesteban,1
Villares del Saz,1
Villarta,1
A Baña,1
A Capela,1
A Coruña,10
A Laracha,3
A Pobra do Caramiñal,1
Abegondo,3
Ames,2
Aranga,2
Ares,1
Arteixo,5
Arzúa,1
As Pontes de García Rodríguez,1
Bergondo,1
Betanzos,1
Boimorto,1
Boiro,3
Boqueixón,1
Brión,1
Cabana de Bergantiños,2
Camariñas,1
Cambre,3
Carballo,2
Cariño,1
Carnota,1
Carral,1
Cedeira,1
Cee,3
Cerceda,2
Coirós,1
Corcubión,1
Coristanco,1
Culleredo,2
Curtis,1
Dodro,1
Dumbría,5
Fene,1
Ferrol,3
Irixoa,1
Laxe,2
Lousame,1
Malpica de Bergantiños,1
Mazaricos,1
Melide,1
Mesía,1
Miño,2
Moeche,1
Mugardos,1
Muros,3
Muxía,1
Narón,3
Neda,1
Negreira,1
Noia,1
O Pino,1
Oleiros,7
Ordes,1
Oroso,1
Ortigueira,1
Outes,1
Oza-Cesuras,1
Paderne,1
Padrón,1
Ponteceso,1
Pontedeume,1
Porto do Son,3
Rianxo,1
Ribeira,1
Rois,1
Sada,1
San Sadurniño,1
Santa Comba,1
Santiago de Compostela,6
Santiso,1
Sobrado,1
Teo,2
Toques,1
Tordoia,1
Touro,1
Trazo,1
Val do Dubra,1
Vedra,1
Vilasantar,1
Vimianzo,1
Zas,2
Alfoz de Quintanadueñas,1
Aranda de Duero,1
Arija,1
Belorado,1
Briviesca,1
Burgos,15
Covarrubias,1
Espinosa de los Monteros,1
Gumiel de Izán,1
Huerta de Rey,1
Ibeas de Juarros,1
Lerma,1
Medina de Pomar,1
Abenójar,1
Agudo,1
Alcázar de San Juan,1
Melgar de Fernamental,1
Miranda de Ebro,1
Oña,1
Pradoluengo,1
Quintanar de la Sierra,1
Roa,1
Salas de los Infantes,1
Trespaderne,1
Valle de Mena,1
Valle de Tobalina,1
Villadiego,1
Villarcayo de Merindad de Castilla la Vieja,1
Alcolea de Calatrava,1
Alcubillas,1
Aldea del Rey,1
Alhambra,1
Almadén,1
Almagro,1
Almedina,1
Almodóvar del Campo,1
Anchuras,1
Arenales de San Gregorio,1
Arenas de San Juan,1
Argamasilla de Alba,1
Argamasilla de Calatrava,1
Arroba de los Montes,1
Ballesteros de Calatrava,1
Bolaños de Calatrava,1
Brazatortas,1
Cabezarrubias del Puerto,1
Calzada de Calatrava,1
Campo de Criptana,1
Carrión de Calatrava,1
Carrizosa,1
Castellar de Santiago,1
Chillón,1
Ciudad Real,11
Corral de Calatrava,1
Cózar,1
Daimiel,1
El Robledo,1
Fernán Caballero,1
Fuencaliente,1
Fuente el Fresno,1
Granátula de Calatrava,1
Herencia,1
Horcajo de los Montes,1
La Solana,1
Las Labores,1
Llanos del Caudillo,1
Los Cortijos,1
Luciana,1
Malagón,1
Manzanares,2
Membrilla,1
Miguelturra,1
Montiel,1
Moral de Calatrava,1
Pedro Muñoz,1
Piedrabuena,2
Poblete,1
Porzuna,2
Pozuelo de Calatrava,1
Puebla de Don Rodrigo,1
Puerto Lápice,1
Puertollano,2
Retuerta del Bullaque,1
Ruidera,1
Saceruela,1
San Carlos del Valle,1
Santa Cruz de Mudela,1
Socuéllamos,1
Tomelloso,1
Torralba de Calatrava,1
Torre de Juan Abad,1
Torrenueva,1
Valdepeñas,1
Valenzuela de Calatrava,1
Villahermosa,1
Villamanrique,1
Villamayor de Calatrava,1
Villanueva de la Fuente,1
Villanueva de los Infantes,1
Villarrubia de los Ojos,1
Villarta de San Juan,1
Viso del Marqués,1
Alaior,1
Alaró,1
Alcúdia,1
Algaida,1
Andratx,1
Artà,2
Banyalbufar,1
Binissalem,1
Búger,1
Bunyola,1
Calvià,7
Campanet,1
Campos,1
Capdepera,2
Ciutadella de Menorca,1
Consell,1
Deià,1
Eivissa,5
Es Castell,1
Es Mercadal,2
Es Migjorn Gran,1
Esporles,1
Felanitx,2
Ferreries,1
Formentera,2
Fornalutx,1
Inca,1
Lloret de Vistalegre,1
Lloseta,1
Llubí,1
Llucmajor,2
Manacor,3
Mancor de la Vall,1
Maó-Mahón,1
Maria de la Salut,1
Marratxí,2
Montuïri,1
Muro,1
Palma,22
Petra,1
Pollença,2
Porreres,1
Puigpunyent,1
Sa Pobla,1
Sant Antoni de Portmany,1
Sant Joan,1
Sant Joan de Labritja,2
Sant Josep de sa Talaia,4
Sant Llorenç des Cardassar,3
Sant Lluís,1
Santa Eugènia,1
Santa Eulària des Riu,4
Santa Margalida,2
Santa María del Camí,1
Santanyí,2
Selva,2
Sencelles,1
Ses Salines,2
Sineu,1
Sóller,1
Son Servera,2
Valldemossa,1
Vilafranca de Bonany,1
Agost,1
Aigües,1
Albatera,1
Alcoy/Alcoi,3
Alfafara,1
Algorfa,1
Alicante/Alacant,13
Almoradí,1
Altea,2
Aspe,1
Banyeres de Mariola,1
Beniarbeig,1
Beniarrés,1
Benidorm,4
Benijófar,1
Benimantell,1
Benissa,1
Benitachell/El Poble Nou de Benitatxell,1
Biar,1
Bigastro,1
Busot,1
Callosa de Segura,1
Callosa d'en Sarrià,1
Calp,1
Cañada,1
Castalla,1
Catral,1
Cocentaina,1
Cox,1
Crevillent,1
Dénia,3
Dolores,1
Agurain/Salvatierra,1
Alegría-Dulantzi,1
Amurrio,1
Aramaio,1
Arraia-Maeztu,1
Artziniega,1
Asparrena,1
Barrundia,1
Berantevilla,1
Campezo/Kanpezu,1
Elciego,1
Elvillar/Bilar,1
Iruña Oka/Iruña de Oca,1
Kuartango,1
Laguardia,1
Lanciego/Lantziego,1
Laudio/Llodio,1
Legutio,1
Moreda de Álava/Moreda Araba,1
Okondo,1
Oyón-Oion,1
Samaniego,1
El Campello,1
El Pinós/Pinoso,1
El Ràfol d'Almúnia,1
El Verger,1
Elche/Elx,7
Elda,4
Els Poblets,1
Finestrat,1
Gaianes,1
Gata de Gorgos,1
Guardamar del Segura,1
Ibi,1
Jacarilla,1
Jávea/Xàbia,2
Jijona/Xixona,1
L' Alfàs del Pi,1
La Nucia,2
La Romana,1
La Vall de Laguar,2
Millena,1
Monforte del Cid,1
Monóvar/Monòver,1
Muro de Alcoy,1
Mutxamel,2
Novelda,1
Ondara,1
Onil,1
Orba,1
Orihuela,2
Orxeta,1
Pedreguer,1
Pego,1
Petrer,2
Pilar de la Horadada,1
San Millán/Donemiliaga,1
Urkabustaiz,1
Valdegovía/Gaubea,1
Vitoria-Gasteiz,13
Zigoitia,1
Zuia,1
Polop,1
Redován,1
Rojales,1
Salinas,1
San Miguel de Salinas,1
San Vicente del Raspeig/Sant Vicent del Raspeig,2
Sant Joan d'Alacant,1
Santa Pola,3
Sax,1
Senija,1
Teulada,2
Tibi,1
Torrevieja,2
Villajoyosa/La Vila Joiosa,1
Villena,3
Xaló,1
Adra,3
Albanchez,1
Alboloduy,1
Albox,1
Alcolea,1
Alcóntar,1
Alhama de Almería,1
Almería,5
Antas,1
Armuña de Almanzora,1
Bacares,1
Balanegra,1
Benahadux,1
Bentarique,1
Berja,1
Canjáyar,1
Cantoria,2
Carboneras,1
Chercos,1
Chirivel,1
Cóbdar,1
Cuevas del Almanzora,2
Dalías,1
El Ejido,5
Fiñana,1
Fines,1
Gádor,1
Garrucha,1
Huércal de Almería,1
Huércal-Overa,1
Íllar,1
Instinción,1
La Mojonera,1
Láujar de Andarax,1
Líjar,1
Lubrín,1
Lúcar,2
Macael,1
María,1
Abengibre,1
Alatoz,1
Albacete,19
Albatana,1
Alborea,1
Alcalá del Júcar,1
Alcaraz,1
Almansa,2
Alpera,1
Balazote,1
Barrax,1
Bienservida,1
Bogarra,1
Bonete,1
Carcelén,1
Casas de Juan Núñez,1
Casas de Ves,1
Casas-Ibáñez,1
Caudete,1
Mojácar,1
Níjar,5
Olula del Río,1
Oria,1
Pechina,1
Pulpí,1
Purchena,1
Rioja,1
Roquetas de Mar,3
Senés,1
Serón,1
Somontín,1
Sorbas,1
Tabernas,1
Taberno,1
Terque,1
Tíjola,1
Turre,1
Urrácal,1
Vélez-Blanco,1
Vélez-Rubio,1
Vera,1
Viator,1
Vícar,6
Zurgena,1
Cenizate,1
Chinchilla de Monte-Aragón,1
Corral-Rubio,1
El Ballestero,1
El Bonillo,1
Elche de la Sierra,1
Férez,1
Fuente-Álamo,1
Fuentealbilla,2
Hellín,7
Higueruela,1
Hoya-Gonzalo,1
La Gineta,1
La Herrera,1
La Roda,1
Letur,1
Lezuza,2
Liétor,1
Madrigueras,1
Mahora,1
Minaya,1
Molinicos,1
Montealegre del Castillo,1
Munera,1
Nerpio,1
Ontur,1
Ossa de Montiel,1
Paterna del Madera,1
Peñas de San Pedro,1
Peñascosa,1
Pétrola,1
Povedilla,1
Pozo Cañada,1
Pozohondo,2
Pozo-Lorente,1
Pozuelo,1
Riópar,1
Salobre,1
San Pedro,1
Socovos,2
Tarazona de la Mancha,1
Tobarra,3
Valdeganga,1
Vianos,1
Villalgordo del Júcar,1
Villamalea,1
Villapalacios,1
Villarrobledo,2
Villavaliente,1
Villaverde de Guadalimar,1
Yeste,1
Aldeanueva de Santa Cruz,1
Arenas de San Pedro,1
Arévalo,1
Ávila,5
Burgohondo,1
Candeleda,1
Casavieja,1
Casillas,1
Cebreros,1
Cuevas del Valle,1
El Arenal,1
El Barco de Ávila,1
El Barraco,1
El Hoyo de Pinares,1
El Tiemblo,1
Fontiveros,1
Hoyos del Espino,1
Las Navas del Marqués,1
Madrigal de las Altas Torres,1
Mijares,1
Mingorría,1
Nava de Arévalo,1
Navalperal de Pinares,1
Navaluenga,1
Navatalgordo,1
Pedro Bernardo,1
Peguerinos,1
Piedrahíta,1
Piedralaves,1
San Esteban del Valle,1
Solosancho,1
Sotillo de la Adrada,1
Villarejo del Valle,1
Acedera,2
Aceuchal,1
Ahillones,1
Alange,1
Alburquerque,1
Alconchel,1
Alconera,1
Almendral,1
Almendralejo,1
Arroyo de San Serván,1
Atalaya,1
Azuaga,2
Badajoz,14
Barcarrota,1
Baterno,1
Benquerencia de la Serena,4
Berlanga,1
Bienvenida,1
Bodonal de la Sierra,1
Burguillos del Cerro,2
Cabeza del Buey,1
Cabeza la Vaca,1
Calamonte,1
Calera de León,1
Calzadilla de los Barros,1
Campanario,1
Campillo de Llerena,1
Capilla,1
Carmonita,1
Casas de Don Pedro,1
Casas de Reina,1
Castilblanco,1
Castuera,1
Cheles,1
Cordobilla de Lácara,1
Corte de Peleas,1
Cristina,1
Don Álvaro,1
Don Benito,6
Entrín Bajo,1
Esparragalejo,1
Esparragosa de la Serena,1
Esparragosa de Lares,1
Fregenal de la Sierra,1
Fuenlabrada de los Montes,1
Fuente de Cantos,1
Fuente del Arco,1
Fuente del Maestre,1
Fuentes de León,1
Garbayuela,1
Garlitos,1
Granja de Torrehermosa,1
Guadiana del Caudillo,1
Guareña,2
Helechosa de los Montes,1
Herrera del Duque,2
Higuera de la Serena,1
Higuera de Llerena,1
Higuera de Vargas,1
Higuera la Real,1
Hornachos,1
Jerez de los Caballeros,4
La Albuera,1
La Codosera,1
La Coronada,1
La Garrovilla,1
La Haba,1
La Lapa,1
La Morera,1
La Nava de Santiago,1
La Parra,1
La Roca de la Sierra,1
La Zarza,1
Llera,1
Llerena,1
Lobón,2
Los Santos de Maimona,1
Magacela,1
Maguilla,1
Malcocinado,1
Malpartida de la Serena,1
Manchita,1
Medellín,2
Medina de las Torres,1
Mengabril,1
Mérida,4
Mirandilla,1
Monesterio,1
Montemolín,3
Monterrubio de la Serena,1
Montijo,3
Navalvillar de Pela,3
Oliva de la Frontera,1
Oliva de Mérida,1
Olivenza,5
Orellana de la Sierra,1
Orellana la Vieja,1
Palomas,1
Peñalsordo,1
Peraleda del Zaucejo,1
Puebla de Alcocer,1
Puebla de la Calzada,1
Puebla de la Reina,1
Puebla de Obando,1
Puebla de Sancho Pérez,1
Puebla del Maestre,1
Puebla del Prior,1
Pueblonuevo del Guadiana,1
Quintana de la Serena,1
Reina,1
Retamal de Llerena,1
Ribera del Fresno,1
Salvaleón,1
Salvatierra de los Barros,1
San Pedro de Mérida,1
San Vicente de Alcántara,1
Sancti-Spíritus,1
Santa Marta,1
Segura de León,1
Siruela,1
Solana de los Barros,3
Talarrubias,1
Talavera la Real,1
Táliga,1
Tamurejo,1
Torre de Miguel Sesmero,1
Torremejía,1
Trasierra,1
Trujillanos,1
Usagre,1
Valdecaballeros,1
Valdelacalzada,1
Valdetorres,1
Valencia de las Torres,1
Valencia del Mombuey,1
Valencia del Ventoso,1
Valle de la Serena,1
Valle de Matamoros,1
Valle de Santa Ana,1
Valverde de Burguillos,1
Valverde de Leganés,1
Valverde de Mérida,1
Villafranca de los Barros,1
Villagarcía de la Torre,1
Villalba de los Barros,1
Villanueva de la Serena,4
Villanueva del Fresno,1
Villar de Rena,3
Villarta de los Montes,1
Zafra,1
Zahínos,1
Zalamea de la Serena,1
Zarza-Capilla,1
Abadía,1
Abertura,1
Acebo,1
Acehúche,1
Aceituna,1
Ahigal,1
Alagón del Río,1
Albalá,1
Alcántara,1
Alcuéscar,1
Aldea del Cano,1
Aldeacentenera,1
Aldeanueva de la Vera,1
Aldeanueva del Camino,1
Aldehuela de Jerte,1
Alía,1
Aliseda,1
Almaraz,1
Almoharín,1
Arroyo de la Luz,1
Arroyomolinos,1
Arroyomolinos de la Vera,1
Baños de Montemayor,1
Barrado,1
Belvís de Monroy,2
Berrocalejo,1
Berzocana,1
Bohonal de Ibor,1
Botija,1
Brozas,1
Cabañas del Castillo,1
Cabezuela del Valle,1
Cáceres,2
Cadalso,1
Calzadilla,1
Campo Lugar,2
Cañamero,1
Carbajo,1
Carcaboso,1
Carrascalejo,1
Casar de Cáceres,1
Casar de Palomero,2
Casas de Don Antonio,1
Casas de Don Gómez,1
Casas de Millán,1
Casas de Miravete,1
Casas del Castañar,1
Casas del Monte,1
Casatejada,1
Casillas de Coria,1
Castañar de Ibor,1
Ceclavín,1
Cedillo,1
Cerezo,1
Cilleros,1
Conquista de la Sierra,1
Coria,3
Cuacos de Yuste,1
Deleitosa,1
El Gordo,1
El Torno,1
Escurial,1
Galisteo,1
Garciaz,1
Garganta la Olla,1
Gargantilla,1
Garrovillas de Alconétar,1
Garvín,1
Gata,2
Guadalupe,1
Guijo de Galisteo,2
Guijo de Granadilla,1
Guijo de Santa Bárbara,1
Herguijuela,1
Hernán-Pérez,1
Herrera de Alcántara,1
Herreruela,1
Hervás,1
Hinojal,1
Holguera,1
Hoyos,1
Huélaga,1
Ibahernando,1
Jaraicejo,1
Jaraíz de la Vera,1
Jarandilla de la Vera,1
Jarilla,1
Jerte,1
La Aldea del Obispo,1
La Cumbre,1
La Garganta,1
La Granja,1
La Pesga,1
Ladrillar,1
Logrosán,1
Losar de la Vera,1
Madrigal de la Vera,1
Madrigalejo,1
Madroñera,1
Majadas,1
Malpartida de Cáceres,1
Malpartida de Plasencia,1
Mata de Alcántara,1
Membrío,1
Mesas de Ibor,1
Miajadas,3
Millanes,1
Mirabel,1
Mohedas de Granadilla,1
Monroy,1
Montánchez,1
Montehermoso,1
Moraleja,1
Morcillo,1
Navaconcejo,1
Navalmoral de la Mata,1
Navas del Madroño,1
Navezuelas,1
Nuñomoral,1
Palomero,1
Pasarón de la Vera,1
Peraleda de la Mata,1
Perales del Puerto,1
Pescueza,1
Piedras Albas,1
Pinofranqueado,2
Piornal,1
Plasencia,1
Plasenzuela,1
Portaje,1
Pozuelo de Zarzón,1
Puerto de Santa Cruz,1
Rebollar,1
Riolobos,1
Robledillo de la Vera,1
Robledillo de Trujillo,1
Romangordo,1
Rosalejo,1
Salorino,1
Salvatierra de Santiago,1
San Martín de Trevejo,1
Santa Ana,1
Santa Cruz de la Sierra,1
Santa Cruz de Paniagua,1
Santa Marta de Magasca,1
Santiago de Alcántara,1
Santiago del Campo,1
Santibáñez el Alto,1
Santibáñez el Bajo,1
Saucedilla,1
Segura de Toro,1
Serradilla,1
Serrejón,1
Sierra de Fuentes,1
Talaván,1
Talaveruela de la Vera,1
Talayuela,4
Tejeda de Tiétar,1
Tornavacas,1
Torre de Don Miguel,1
Torre de Santa María,1
Torrecilla de los Ángeles,1
Torrecillas de la Tiesa,1
Torrejoncillo,2
Torremenga,1
Torremocha,1
Torreorgaz,1
Torrequemada,1
Trujillo,1
Valdefuentes,1
Valdehúncar,1
Valdelacasa de Tajo,1
Valdemorales,1
Valdeobispo,1
Valencia de Alcántara,1
Valverde de la Vera,1
Valverde del Fresno,1
Vegaviana,1
Viandar de la Vera,1
Villa del Campo,1
Villamesías,1
Villanueva de la Sierra,1
Villanueva de la Vera,1
Villar de Plasencia,1
Villar del Pedroso,2
Zarza de Granadilla,1
Zarza de Montánchez,1
Zarza la Mayor,1
Zorita,1
Abrera,1
Aiguafreda,1
Alella,1
Arenys de Mar,1
Arenys de Munt,1
Artés,1
Avinyó,1
Badalona,6
Badia del Vallès,1
Balsareny,1
Barberà del Vallès,1
Barcelona,40
Begues,1
Berga,2
Bigues i Riells,1
Cabrera de Mar,1
Cabrils,1
Caldes de Montbui,1
Caldes d'Estrac,1
Calella,1
Canet de Mar,1
Canovelles,1
Capellades,1
Cardedeu,1
Cardona,1
Castellar del Vallès,1
Castellbisbal,1
Castelldefels,1
Centelles,1
Cerdanyola del Vallès,1
Cervelló,1
Collbató,1
Corbera de Llobregat,1
Cornellà de Llobregat,3
El Bruc,1
El Masnou,1
El Papiol,1
El Pont de Vilomara i Rocafort,1
El Prat de Llobregat,1
Esparreguera,1
Esplugues de Llobregat,1
Gavà,2
Gelida,1
Gironella,1
Granollers,3
Gurb,3
Igualada,2
L' Ametlla del Vallès,1
L' Hospitalet de Llobregat,8
La Garriga,1
La Llagosta,1
La Roca del Vallès,1
Les Franqueses del Vallès,1
Lliçà d'Amunt,1
Lliçà de Vall,1
Llinars del Vallès,1
Malgrat de Mar,1
Manlleu,1
Manresa,3
Martorell,1
Martorelles,1
Masquefa,1
Matadepera,1
Mataró,2
Moià,1
Molins de Rei,1
Mollet del Vallès,1
Montcada i Reixac,2
Montgat,1
Montmeló,1
Montornès del Vallès,1
Navarcles,1
Navàs,1
Olesa de Montserrat,1
Palafolls,1
Pallejà,1
Parets del Vallès,2
Piera,1
Pineda de Mar,2
Polinyà,1
Premià de Dalt,1
Premià de Mar,1
Puig-reig,1
Ripollet,1
Roda de Ter,1
Rubí,1
Sabadell,7
Sallent,1
Sant Adrià de Besòs,2
Sant Andreu de la Barca,1
Sant Andreu de Llavaneres,1
Sant Antoni de Vilamajor,1
Sant Boi de Llobregat,2
Sant Celoni,1
Sant Cugat del Vallès,3
Sant Esteve Sesrovires,1
Sant Feliu de Codines,1
Sant Feliu de Llobregat,1
Sant Feliu Sasserra,1
Sant Fost de Campsentelles,1
Sant Fruitós de Bages,1
Sant Hipòlit de Voltregà,1
Sant Joan de Vilatorrada,1
Sant Joan Despí,2
Sant Just Desvern,1
Sant Pere de Ribes,2
Sant Pere de Riudebitlles,1
Sant Pere de Torelló,1
Sant Pol de Mar,1
Sant Quintí de Mediona,1
Sant Quirze de Besora,1
Sant Quirze del Vallès,1
Sant Sadurní d'Anoia,1
Sant Vicenç de Castellet,1
Sant Vicenç de Montalt,1
Sant Vicenç dels Horts,1
Santa Coloma de Cervelló,1
Santa Coloma de Gramenet,4
Santa Eulàlia de Ronçana,1
Santa Margarida de Montbui,1
Santa Margarida i els Monjos,1
Santa Maria de Palautordera,1
Santa Perpètua de Mogoda,1
Santa Susanna,1
Santpedor,1
Sentmenat,1
Sitges,2
Súria,1
Taradell,1
Teià,1
Terrassa,7
Tiana,1
Tona,1
Tordera,1
Torelló,2
Torrelles de Llobregat,1
Vacarisses,1
Vallirana,1
Vic,1
Viladecans,1
Viladecavalls,1
Vilafranca del Penedès,3
Vilanova del Camí,1
Vilanova del Vallès,1
Vilanova i la Geltrú,2
Vilassar de Dalt,1
Vilassar de Mar,1
