,cp,municipio_limpio,provincia,uds_guardia_civil
0,10003,caceres,caceres,1
1,1010,vitoria,alava,1
2,10100,miajadas,caceres,1
3,10110,madrigalejo,caceres,1
4,10120,logrosan,caceres,1
5,10129,berzocana,caceres,1
6,10130,zorita,caceres,1
7,10132,almoharin,caceres,1
8,10134,campo_lugar,caceres,1
9,10136,ca_amero,caceres,1
10,10137,alia,caceres,1
11,10140,guadalupe,caceres,1
12,10160,alcuescar,caceres,1
13,10162,casas_de_don_antonio,caceres,1
14,10163,aldea_del_cano,caceres,1
15,10170,montanchez,caceres,1
16,10180,valdefuentes,caceres,1
17,10181,sierra_de_fuentes,caceres,1
18,10184,torremocha,caceres,1
19,10190,casar_de_caceres,caceres,1
20,10191,santiago_del_campo,caceres,1
21,10193,talavan,caceres,1
22,10194,monroy,caceres,1
23,10200,trujillo,caceres,1
24,10210,madro_era,caceres,1
25,10252,torrecilla_de_la_tiesa,caceres,1
26,10280,ibahernando,caceres,1
27,10300,navalmoral_de_la_mata,caceres,1
28,10310,talayuela,caceres,1
29,10330,villar_del_pedroso,caceres,1
30,10332,valdelacasa_de_tajo,caceres,1
31,10335,peraleda_de_la_mata,caceres,1
32,10340,casta_ar_de_ibor,caceres,1
33,10350,almaraz_de_tajo,caceres,1
34,10370,deleitosa,caceres,1
35,10400,jaraiz_de_la_vera,caceres,1
36,10450,jarandilla_de_la_vera,caceres,1
37,10470,villanueva_de_la_vera,caceres,1
38,10500,valencia_de_alcantara,caceres,1
39,10510,santiago_de_alcantara,caceres,1
40,10512,herrera_de_alcantara,caceres,1
41,10520,casatejada,caceres,1
42,10530,serradilla,caceres,1
43,10550,aliseda,caceres,1
44,10570,salorino,caceres,1
45,10600,plasencia,caceres,1
46,10612,jerte,caceres,1
47,10613,navaconcejo,caceres,1
48,10616,casas_del_casta_ar,caceres,1
49,10620,caminomorisco,caceres,1
50,10626,nunomoral,caceres,1
51,10640,casar_de_palomero,caceres,1
52,10650,ahigal,caceres,1
53,10680,malpartida_de_plasencia,caceres,1
54,10694,torrejon_el_rubio,caceres,1
55,10700,hervas,caceres,1
56,10710,zarza_de_granadilla,caceres,1
57,10800,coria,caceres,1
58,10810,montehermoso,caceres,1
59,10812,villanueva_de_la_sierra,caceres,1
60,10830,torrejoncillo,caceres,1
61,10840,moraleja,caceres,1
62,10850,hoyos,caceres,1
63,10860,gata,caceres,1
64,10870,ceclavin,caceres,1
65,10880,zarza_la_mayor,caceres,1
66,10890,valverde_del_fresno,caceres,1
67,10892,san_martin_de_trevejo,caceres,1
68,10895,cilleros,caceres,1
69,10900,arroyo_de_la_luz,caceres,1
70,10910,malpartida_de_caceres,caceres,1
71,10930,navas_del_madro_o,caceres,1
72,10940,garrovillas,caceres,1
73,10950,brozas,caceres,1
74,10980,alcantara,caceres,1
75,11007,cadiz,cadiz,1
76,11011,cadiz,cadiz,1
77,11071,cadiz,cadiz,1
78,1110,santa_cruz_de_campezo,alava,1
79,11130,chiclana_de_la_frontera,cadiz,1
80,11140,conil_de_la_frontera,cadiz,1
81,11150,vejer_de_la_frontera,cadiz,1
82,11160,barbate,cadiz,1
83,11170,casas_viejas,cadiz,1
84,11170,medina_sidonia,cadiz,1
85,11178,paterna_de_rivera,cadiz,1
86,11180,alcala_de_los_gazules,cadiz,1
87,11201,algeciras,cadiz,1
88,11202,algeciras,cadiz,1
89,11207,algeciras,cadiz,1
90,11207,pelayo_algeciras,cadiz,1
91,1130,murguia,alava,1
92,11300,la_linea_de_la_concepcion_algeciras,cadiz,1
93,11311,pueblo_nuevo_de_guadiaro_san_roque,cadiz,1
94,11330,jimena_de_la_frontera_algeciras,cadiz,1
95,11350,castellar_de_la_frontera_algeciras,cadiz,1
96,11360,san_roque_algeciras,cadiz,1
97,11370,los_barrios_algeciras,cadiz,1
98,11379,palmones_algeciras,cadiz,1
99,11380,tarifa_algeciras,cadiz,1
100,11391,facinas_algeciras,cadiz,1
101,11393,tarifa_algeciras,cadiz,1
102,11406,jerez_de_la_frontera,cadiz,1
103,11500,el_puerto_de_santa_maria,cadiz,1
104,11510,puerto_real,cadiz,1
105,11520,rota,cadiz,1
106,11530,rota,cadiz,1
107,11540,sanlucar_de_barrameda,cadiz,1
108,11550,chipiona,cadiz,1
109,11560,trebujena,cadiz,1
110,11570,la_barca_de_la_florida,cadiz,1
111,11580,san_jose_del_valle,cadiz,1
112,11600,ubrique,cadiz,1
113,11610,grazalema,cadiz,1
114,11630,arcos_de_la_frontera,cadiz,1
115,11639,algar,cadiz,1
116,11640,bornos,cadiz,1
117,11648,espera,cadiz,1
118,11650,villamartin,cadiz,1
119,11659,puerto_serrano,cadiz,1
120,11660,prado_del_rey,cadiz,1
121,11670,el_bosque,cadiz,1
122,11680,algodonales,cadiz,1
123,11688,zahara_de_la_sierra,cadiz,1
124,11690,olvera,cadiz,1
125,11692,setenil_de_las_bodegas,cadiz,1
126,11693,alcala_del_valle,cadiz,1
127,1196,foronda,alava,1
128,12003,castellon,castellon,1
129,12003,castellon_de_la_plana,castellon,1
130,12100,castellon,castellon,1
131,12100,castellon_de_la_plana,castellon,1
132,12110,alcora,castellon,1
133,12120,lucena_del_cid,castellon,1
134,12132,atzeneta_del_maestrat,castellon,1
135,12140,albocacer,castellon,1
136,12150,villafranca_del_cid,castellon,1
137,12160,benasal,castellon,1
138,12170,sant_mateu,castellon,1
139,12180,cabanes,castellon,1
140,12192,villafames,castellon,1
141,12200,onda,castellon,1
142,12300,morella,castellon,1
143,12400,segorbe,castellon,1
144,12448,montanejos,castellon,1
145,12460,viver,castellon,1
146,12500,vinaroz,castellon,1
147,12511,rosell,castellon,1
148,12520,nules,castellon,1
149,12527,artana,castellon,1
150,12530,burriana,castellon,1
151,12549,betxi,castellon,1
152,12550,almazora,castellon,1
153,12560,benicasim,castellon,1
154,12570,alcala_de_chivert,castellon,1
155,12579,alcocebre,castellon,1
156,12580,benicarlo,castellon,1
157,12590,almenara,castellon,1
158,12593,moncofar,castellon,1
159,12594,oropesa_del_mar,castellon,1
160,12596,torreblanca,castellon,1
161,12598,peniscola,castellon,1
162,12600,vall_de_uxo,castellon,1
163,1300,laguardia,alava,1
164,13003,ciudad_real,ciudad_real,1
165,13100,piedrabuena,ciudad_real,1
166,13107,alcolea_de_calatrava,ciudad_real,1
167,13109,puebla_de_don_rodrigo,ciudad_real,1
168,13110,horcajo_de_los_montes,ciudad_real,1
169,13116,alcoba_de_los_montes,ciudad_real,1
170,13120,porzuna,ciudad_real,1
171,13130,fuencaliente,ciudad_real,1
172,13160,torralba_de_calatrava,ciudad_real,1
173,13170,miguelturra,ciudad_real,1
174,13179,pozuelo_de_calatrava,ciudad_real,1
175,13180,abenojar,ciudad_real,1
176,13190,corral_de_calatrava,ciudad_real,1
177,13194,retuerta,ciudad_real,1
178,13196,picon,ciudad_real,1
179,13200,herrera_de_la_mancha,ciudad_real,1
180,13200,manzanares,ciudad_real,1
181,13210,villarta_de_san_juan,ciudad_real,1
182,13240,la_solana,ciudad_real,1
183,13248,alhambra,ciudad_real,1
184,13249,ruidera,ciudad_real,1
185,13250,daimiel,ciudad_real,1
186,13260,bola_os_de_calatrava,ciudad_real,1
187,13270,almagro,ciudad_real,1
188,1330,labastida,alava,1
189,13300,valdepe_as,ciudad_real,1
190,13320,villanueva_de_los_infantes,ciudad_real,1
191,13330,villanueva_de_la_fuente,ciudad_real,1
192,13332,villahermosa,ciudad_real,1
193,13340,albaladejo,ciudad_real,1
194,13343,villamanrique,ciudad_real,1
195,13344,torre_de_juan_abad,ciudad_real,1
196,13350,moral_de_calatrava,ciudad_real,1
197,13370,calzada_de_calatrava,ciudad_real,1
198,13379,villanueva_de_san_carlos,ciudad_real,1
199,13380,aldea_del_rey,ciudad_real,1
200,13400,almaden,ciudad_real,1
201,13410,agudo,ciudad_real,1
202,13413,alamillo,ciudad_real,1
203,13414,saceruela,ciudad_real,1
204,13420,malagon,ciudad_real,1
205,13427,los_cortijos,ciudad_real,1
206,13432,ballesteros_de_calatrava,ciudad_real,1
207,13440,argamasilla_de_calatrava,ciudad_real,1
208,13450,brazatortas,ciudad_real,1
209,13490,guadalmez,ciudad_real,1
210,13500,puertollano,ciudad_real,1
211,13580,almodovar_del_campo,ciudad_real,1
212,13590,hinojosas_de_calatrava,ciudad_real,1
213,13592,mestanza,ciudad_real,1
214,13595,villamayor_de_calatrava,ciudad_real,1
215,13600,alcazar_de_san_juan,ciudad_real,1
216,13610,campo_de_criptana,ciudad_real,1
217,13620,pedro_mu_oz,ciudad_real,1
218,13630,socuellamos,ciudad_real,1
219,13640,herencia,ciudad_real,1
220,13650,puerto_lapice,ciudad_real,1
221,13670,villarrubia_de_los_ojos,ciudad_real,1
222,13680,fuente_el_fresno,ciudad_real,1
223,13700,tomelloso,ciudad_real,1
224,13710,argamasilla_de_alba,ciudad_real,1
225,13730,santa_cruz_de_mudela,ciudad_real,1
226,13740,torrenueva,ciudad_real,1
227,13750,castellar_de_santiago,ciudad_real,1
228,13760,almuradiel,ciudad_real,1
229,13770,viso_del_marques,ciudad_real,1
230,1400,llodio,alava,1
231,14005,cordoba,cordoba,1
232,14100,la_carlota,cordoba,1
233,14120,fuente_palmera,cordoba,1
234,14140,la_victoria,cordoba,1
235,14200,pe_arroya_pueblonuevo,cordoba,1
236,14220,espiel,cordoba,1
237,1423,puentelarra,alava,1
238,14230,villanueva_del_rey,cordoba,1
239,14240,belmez,cordoba,1
240,14250,villanueva_del_duque,cordoba,1
241,14270,hinojosa_del_duque,cordoba,1
242,14290,fuente_ovejuna,cordoba,1
243,14300,villaviciosa_de_cordoba,cordoba,1
244,14350,cerromuriano,cordoba,1
245,14400,pozoblanco,cordoba,1
246,14410,torrecampo,cordoba,1
247,14420,villafranca_de_cordoba,cordoba,1
248,14430,adamuz,cordoba,1
249,14440,villanueva_de_cordoba,cordoba,1
250,14460,dos_torres,cordoba,1
251,14470,el_viso,cordoba,1
252,14480,alcaracejos,cordoba,1
253,14491,santa_eufemia,cordoba,1
254,14500,puente_genil,cordoba,1
255,14510,moriles,cordoba,1
256,14520,fernan_nu_ez,cordoba,1
257,14540,la_rambla,cordoba,1
258,14545,carde_a,cordoba,1
259,14546,santaella,cordoba,1
260,14550,montilla,cordoba,1
261,14600,montoro,cordoba,1
262,14620,el_carpio,cordoba,1
263,14640,villa_del_rio,cordoba,1
264,14650,bujalance,cordoba,1
265,14700,palma_del_rio,cordoba,1
266,14720,almodovar_del_rio,cordoba,1
267,14730,posadas,cordoba,1
268,14740,hornachuelos,cordoba,1
269,14800,priego_de_cordoba,cordoba,1
270,14810,carcabuey,cordoba,1
271,14815,fuente_tojar,cordoba,1
272,14830,espejo,cordoba,1
273,14840,castrodelrio,cordoba,1
274,14850,baena,cordoba,1
275,14857,nueva_carteya,cordoba,1
276,14880,luque,cordoba,1
277,14900,lucena,cordoba,1
278,14910,benameji,cordoba,1
279,14920,aguilar_de_la_frontera,cordoba,1
280,14930,monturque,cordoba,1
281,14940,cabra,cordoba,1
282,14960,rute,cordoba,1
283,14970,iznajar,cordoba,1
284,15006,a_coruna,a_coruna,1
285,15008,a_coruna,a_coruna,1
286,15100,carballo,a_coruna,1
287,15110,ponteceso,a_coruna,1
288,15113,malpica,a_coruna,1
289,15117,laxe,a_coruna,1
290,15123,camarinas,a_coruna,1
291,15124,muxia,a_coruna,1
292,15129,vimianzo,a_coruna,1
293,15130,corcubion,a_coruna,1
294,15142,arteixo,a_coruna,1
295,15145,laracha,a_coruna,1
296,15160,sada,a_coruna,1
297,15172,perillo_oleiros,a_coruna,1
298,15173,oleiros,a_coruna,1
299,15174,culleredo_rutis,a_coruna,1
300,15175,carral,a_coruna,1
301,15180,alvedro_culleredo,a_coruna,1
302,15180,culleredo_rutis,a_coruna,1
303,15200,noia,a_coruna,1
304,15230,outes,a_coruna,1
305,15250,muros,a_coruna,1
306,15300,betanzos,a_coruna,1
307,15310,curtis,a_coruna,1
308,15313,irixoa,a_coruna,1
309,15318,abegondo,a_coruna,1
310,15320,as_pontes,a_coruna,1
311,15330,ortigueira,a_coruna,1
312,15350,cedeira,a_coruna,1
313,15360,carino,a_coruna,1
314,15401,ferrol,a_coruna,1
315,15405,ferrol,a_coruna,1
316,15500,fene,a_coruna,1
317,15552,valdovino,a_coruna,1
318,15560,san_sadurnino,a_coruna,1
319,15600,pontedeume,a_coruna,1
320,15620,mugardos,a_coruna,1
321,15630,mino,a_coruna,1
322,15679,cambre,a_coruna,1
323,15680,ordes,a_coruna,1
324,15688,santiago_de_compostela,a_coruna,1
325,15704,santiago_de_compostela,a_coruna,1
326,15800,melide,a_coruna,1
327,15810,arzua,a_coruna,1
328,15818,boimorto,a_coruna,1
329,15821,arca,a_coruna,1
330,15822,touro,a_coruna,1
331,15830,negreira,a_coruna,1
332,15840,santa_comba,a_coruna,1
333,15865,brion,a_coruna,1
334,15881,lestedo,a_coruna,1
335,15895,milladoiro_ames,a_coruna,1
336,15900,padron,a_coruna,1
337,15920,rianxo,a_coruna,1
338,15930,boiro,a_coruna,1
339,15940,pobra_do_caraminal,a_coruna,1
340,15970,porto_do_son,a_coruna,1
341,16003,cuenca,cuenca,1
342,16100,valverde_de_jucar,cuenca,1
343,16120,valera_de_abajo,cuenca,1
344,16123,arcas,cuenca,1
345,16130,almodovar_del_pinar,cuenca,1
346,16140,villalba_de_la_sierra,cuenca,1
347,16140,villalva_de_la_sierra,cuenca,1
348,16161,torrejoncillo_del_rey,cuenca,1
349,16200,motilla_del_palancar,cuenca,1
350,16210,campillo_de_altobuey,cuenca,1
351,16220,quintanar_del_rey,cuenca,1
352,16230,villanueva_de_la_jara,cuenca,1
353,16235,iniesta,cuenca,1
354,16260,minglanilla,cuenca,1
355,16300,canete,cuenca,1
356,16320,talayuelas,cuenca,1
357,16330,landete,cuenca,1
358,16350,carboneras_de_guadazaon,cuenca,1
359,16373,cardenete,cuenca,1
360,16393,mira,cuenca,1
361,16400,tarancon,cuenca,1
362,16410,horcajo_de_santiago,cuenca,1
363,16415,villamayor_de_santiago,cuenca,1
364,16430,saelices,cuenca,1
365,16432,villarejo_de_fuentes,cuenca,1
366,16440,montalbo,cuenca,1
367,16460,barajas_de_melo,cuenca,1
368,16500,huete,cuenca,1
369,16512,buendia,cuenca,1
370,16535,villalba_del_rey,cuenca,1
371,16555,carrascosa_del_campo,cuenca,1
372,16600,san_clemente,cuenca,1
373,16630,mota_del_cuervo,cuenca,1
374,16640,belmonte,cuenca,1
375,16660,las_pedro_eras,cuenca,1
376,16660,las_pedroneras,cuenca,1
377,16670,el_provencio,cuenca,1
378,16700,sisante,cuenca,1
379,16707,casas_de_benitez,cuenca,1
380,16730,honrubia,cuenca,1
381,16740,la_almarcha,cuenca,1
382,16770,san_lorenzo_de_la_parrilla,cuenca,1
383,16800,priego,cuenca,1
384,16840,villar_de_domingo_garcia,cuenca,1
385,16843,la_ventosa,cuenca,1
386,16850,ca_averas,cuenca,1
387,16870,beteta,cuenca,1
388,17003,girona,girona,1
389,17130,la_escala,girona,1
390,17230,palamos,girona,1
391,17258,l_estartit,girona,1
392,17300,blanes,girona,1
393,17480,roses,girona,1
394,17497,portbou,girona,1
395,17500,ripoll,girona,1
396,17520,puigcerda,girona,1
397,17600,figueres,girona,1
398,17700,la_jonquera,girona,1
399,17867,camprodon,girona,1
400,18011,granada,granada,1
401,18100,armilla,granada,1
402,18110,gabia_grande,granada,1
403,18120,alhama_de_granada,granada,1
404,18126,arenas_del_rey,granada,1
405,18127,jayena,granada,1
406,18128,zafarraya,granada,1
407,18140,la_zubia,granada,1
408,18160,guejar_sierra,granada,1
409,18170,alfacar,granada,1
410,18180,diezma,granada,1
411,18183,huetor_santillan,granada,1
412,18196,monachil,granada,1
413,18220,albolote,granada,1
414,18230,atarfe,granada,1
415,18230,maracena,granada,1
416,18240,pinos_puente,granada,1
417,18247,moclin,granada,1
418,18260,illora,granada,1
419,18270,montefrio,granada,1
420,18280,algarinejo,granada,1
421,18300,loja,granada,1
422,18310,salar,granada,1
423,18311,zagra,granada,1
424,18320,santa_fe,granada,1
425,18327,lachar,granada,1
426,18340,fuentes_vaqueros,granada,1
427,18360,huetor_tajar,granada,1
428,18380,tocon,granada,1
429,18400,orgiva,granada,1
430,18413,capileira,granada,1
431,18417,trevelez,granada,1
432,18420,lanjaron,granada,1
433,18430,torvizcon,granada,1
434,18451,berchules,granada,1
435,18480,ugijar,granada,1
436,18490,murtas,granada,1
437,18500,alquife,granada,1
438,18500,guadix,granada,1
439,18510,benalua,granada,1
440,18512,calahorra,granada,1
441,18517,la_peza,granada,1
442,18518,alquife,granada,1
443,18518,jerez_marquesado,granada,1
444,18520,alamedilla,granada,1
445,18530,pedro_martinez,granada,1
446,18550,iznalloz,granada,1
447,18560,guadahortuna,granada,1
448,18561,montejicar,granada,1
449,18564,colomera,granada,1
450,18565,campotejar,granada,1
451,18570,deifontes,granada,1
452,18600,motril,granada,1
453,18640,padul,granada,1
454,18650,durcal,granada,1
455,18658,pinos_del_valle,granada,1
456,18670,velez_benaudalla,granada,1
457,18680,salobre_a,granada,1
458,18690,almu_ecar,granada,1
459,18698,otivar,granada,1
460,18700,albu_ol,granada,1
461,18700,albunol,granada,1
462,18730,calahonda,granada,1
463,18740,castell_de_ferro,granada,1
464,18750,la_mamola,granada,1
465,18800,baza,granada,1
466,18810,caniles,granada,1
467,18811,zujar,granada,1
468,18814,cortes_de_baza,granada,1
469,18816,huescar,granada,1
470,18817,benamaurel,granada,1
471,18820,puebla_de_don_fabrique,granada,1
472,18830,huescar,granada,1
473,18840,cadiar,granada,1
474,18850,cullar,granada,1
475,18858,orce,granada,1
476,18870,gor,granada,1
477,19002,guadalajara,guadalajara,1
478,19100,pastrana,guadalajara,1
479,19110,mondejar,guadalajara,1
480,19118,almonacid_de_zorita,guadalajara,1
481,19120,sacedon,guadalajara,1
482,19129,pareja,guadalajara,1
483,19133,budia,guadalajara,1
484,19134,tendilla,guadalajara,1
485,19140,horche,guadalajara,1
486,19170,el_casar,guadalajara,1
487,19187,uceda,guadalajara,1
488,19190,torija,guadalajara,1
489,19200,azuqueca_de_henares,guadalajara,1
490,19208,yunquera_de_henares,guadalajara,1
491,19220,humanes,guadalajara,1
492,19230,cogolludo,guadalajara,1
493,19240,jadraque,guadalajara,1
494,19248,hita,guadalajara,1
495,19250,siguenza,guadalajara,1
496,19268,torremocha_del_campo,guadalajara,1
497,19270,atienza,guadalajara,1
498,19275,condemios_de_arriba,guadalajara,1
499,19280,maranchon,guadalajara,1
500,19300,molina_de_aragon,guadalajara,1
501,19310,checa,guadalajara,1
502,19311,orea,guadalajara,1
503,19320,alustante,guadalajara,1
504,19330,milmarcos,guadalajara,1
505,19400,brihuega,guadalajara,1
506,19420,cifuentes,guadalajara,1
507,19450,trillo,guadalajara,1
508,19495,zaorejas,guadalajara,1
509,20015,san_sebastian,gipuzkoa,1
510,2005,albacete,albacete,1
511,20110,pasajes,gipuzkoa,1
512,20240,ordicia,gipuzkoa,1
513,20303,irun,gipuzkoa,1
514,20400,tolosa,gipuzkoa,1
515,2049,aguas_nuevas,albacete,1
516,20560,onate,gipuzkoa,1
517,20600,eibar,gipuzkoa,1
518,20800,zarautz,gipuzkoa,1
519,2100,tarazona_de_la_mancha,albacete,1
520,21002,huelva,huelva,1
521,2110,la_gineta,albacete,1
522,21100,punta_umbria,huelva,1
523,21110,aljaraque,huelva,1
524,2120,pe_as_de_san_pedro,albacete,1
525,21200,aracena,huelva,1
526,21209,corteconcepcin,huelva,1
527,21210,zufre,huelva,1
528,21230,cortegana,huelva,1
529,21240,aroche,huelva,1
530,2125,ayna,albacete,1
531,21250,rosal_de_la_frontera,huelva,1
532,21260,santa_olalla_del_cala,huelva,1
533,21270,cala,huelva,1
534,21290,jabugo,huelva,1
535,2130,bogarra,albacete,1
536,21300,cala_as,huelva,1
537,21320,el_cerro_de_andevalo,huelva,1
538,21340,alajar,huelva,1
539,21350,almonaster_la_real,huelva,1
540,21380,cumbres_mayores,huelva,1
541,21390,encinasola,huelva,1
542,21400,ayamonte,huelva,1
543,2141,pozohondo,albacete,1
544,21410,isla_cristina,huelva,1
545,21440,lepe,huelva,1
546,21450,cartaya,huelva,1
547,21459,el_rompido,huelva,1
548,2150,valdeganga,albacete,1
549,21500,gibraleon,huelva,1
550,21505,puebla_de_guzman,huelva,1
551,21510,san_bartolome_de_la_torre,huelva,1
552,2152,alatoz,albacete,1
553,21520,alosno,huelva,1
554,21540,villanueva_de_los_castillejos,huelva,1
555,21560,paymogo,huelva,1
556,21570,santa_barbara_de_la_casa,huelva,1
557,21580,cabezas_rubias,huelva,1
558,21590,villablanca,huelva,1
559,21595,sanlucar_de_guadiana,huelva,1
560,2160,lezuza,albacete,1
561,21600,valverde_del_camino,huelva,1
562,21610,san_juan_del_puerto,huelva,1
563,21620,trigueros,huelva,1
564,21630,beas,huelva,1
565,21640,zalamea_la_real,huelva,1
566,21660,minas_de_riotinto,huelva,1
567,21670,nerva,huelva,1
568,21700,la_palma_del_condado,huelva,1
569,21710,bollullos_par_del_condado,huelva,1
570,21720,rociana_del_condado,huelva,1
571,21730,almonte,huelva,1
572,21740,hinojos,huelva,1
573,21750,el_rocio,huelva,1
574,21760,torre_de_la_higuera,huelva,1
575,21800,moguer,huelva,1
576,21810,palos_de_la_frontera,huelva,1
577,21820,lucena_del_puerto,huelva,1
578,21830,bonares,huelva,1
579,21840,niebla,huelva,1
580,21850,villarrasa,huelva,1
581,21860,villalba_del_alcor,huelva,1
582,21870,escarcena_del_campo,huelva,1
583,21890,manzanilla,huelva,1
584,2200,casas_iba_ez,albacete,1
585,22004,huesca,huesca,1
586,2210,alcala_de_jucar,albacete,1
587,22111,monflorite,huesca,1
588,22113,novales,huesca,1
589,2212,casas_de_ves,albacete,1
590,22123,angues,huesca,1
591,22130,peralta_de_alcofea,huesca,1
592,22131,berbegal,huesca,1
593,22200,sari_ena,huesca,1
594,22231,villanueva_de_sigena,huesca,1
595,22240,tardienta,huesca,1
596,22250,lanaja,huesca,1
597,22260,gra_en,huesca,1
598,22270,almudevar,huesca,1
599,22280,gurrea_de_gallego,huesca,1
600,2230,madrigueras,albacete,1
601,22300,barbastro,huesca,1
602,22320,naval,huesca,1
603,22330,ainsa,huesca,1
604,22340,bolta_a,huesca,1
605,22350,bielsa,huesca,1
606,22367,plan,huesca,1
607,22373,fiscal,huesca,1
608,22376,torla,huesca,1
609,22400,monzon,huesca,1
610,22410,alcolea_de_cinca,huesca,1
611,22423,estadilla,huesca,1
612,22430,graus,huesca,1
613,22440,benasque,huesca,1
614,22463,seira,huesca,1
615,22466,castejon_de_sos,huesca,1
616,2248,jorquera,albacete,1
617,22500,binefar,huesca,1
618,22520,fraga,huesca,1
619,22530,zaidin,huesca,1
620,22533,belver_de_cinca,huesca,1
621,22550,tamarite_de_litera,huesca,1
622,22570,camporrells,huesca,1
623,22580,benabarre,huesca,1
624,22591,candasnos,huesca,1
625,2260,fuentealbilla,albacete,1
626,22600,sabi_anigo,huesca,1
627,22630,biescas,huesca,1
628,22640,portalet_sallent_de_gallego,huesca,1
629,22640,sallent_de_gallego,huesca,1
630,22661,panticosa,huesca,1
631,2270,villamalea,albacete,1
632,22700,jaca,huesca,1
633,22720,hecho,huesca,1
634,22728,anso,huesca,1
635,22800,ayerbe,huesca,1
636,22880,canfranc,huesca,1
637,22889,candanchu,huesca,1
638,2300,alcaraz,albacete,1
639,23007,jaen,jaen,1
640,2310,viveros,albacete,1
641,23100,manchareal,jaen,1
642,23110,pegalajar,jaen,1
643,23120,cambil,jaen,1
644,23130,campillo_de_arenas,jaen,1
645,23150,valdepe_as_de_jaen,jaen,1
646,23160,los_villares,jaen,1
647,23180,fuerte_del_rey,jaen,1
648,23192,carchelejo,jaen,1
649,2320,balazote,albacete,1
650,23200,la_carolina,jaen,1
651,23210,guarroman,jaen,1
652,23213,santa_elena,jaen,1
653,23215,aldeaquemada,jaen,1
654,23220,vilches,jaen,1
655,23230,arquillos,jaen,1
656,23240,navas_de_sanjuan,jaen,1
657,23250,santisteban_del_puerto,jaen,1
658,23260,castellar_de_santisteban,jaen,1
659,2327,pozuelo,albacete,1
660,23280,beas_de_segura,jaen,1
661,23290,santiago_de_la_espada,jaen,1
662,23300,villacarrillo,jaen,1
663,23320,torreperogil,jaen,1
664,23330,villanueva_del_arzobispo,jaen,1
665,23350,puente_de_genave,jaen,1
666,23360,la_puerta_de_segura,jaen,1
667,23370,orcera,jaen,1
668,23380,siles,jaen,1
669,23391,segura_de_la_sierra,jaen,1
670,23391,torres_de_albanchez,jaen,1
671,2340,robledo,albacete,1
672,23400,rus,jaen,1
673,23400,ubeda,jaen,1
674,23410,sabiote,jaen,1
675,23440,baeza,jaen,1
676,23460,peal_de_becerro,jaen,1
677,23470,cazorla,jaen,1
678,23480,quesada,jaen,1
679,23485,pozo_alcon,jaen,1
680,2350,villapalacios,albacete,1
681,23500,jodar,jaen,1
682,23510,torreblascopedro,jaen,1
683,23537,bedmar,jaen,1
684,23540,torres,jaen,1
685,23550,cabra_del_santo_cristo,jaen,1
686,23560,huelma,jaen,1
687,23568,belmez_de_la_moraleda,jaen,1
688,23600,martos,jaen,1
689,23612,santiago_de_calatrava,jaen,1
690,23620,mengibar,jaen,1
691,23628,cazalilla,jaen,1
692,23630,villargordo,jaen,1
693,23640,torre_del_campo,jaen,1
694,23650,torredonjimeno,jaen,1
695,23658,jamilena,jaen,1
696,23660,alcaudete,jaen,1
697,23670,castillo_de_locubin,jaen,1
698,23680,alcala_la_real,jaen,1
699,23690,frailes,jaen,1
700,23700,linares,jaen,1
701,23710,bailen,jaen,1
702,23711,ba_os_de_la_encina,jaen,1
703,23730,villanueva_de_la_reina,jaen,1
704,23740,andujar,jaen,1
705,23750,arjonilla,jaen,1
706,23760,arjona,jaen,1
707,23770,marmolejo,jaen,1
708,23780,lopera,jaen,1
709,23790,porcuna,jaen,1
710,2400,hellin,albacete,1
711,24005,leon,leon,1
712,24009,armunia,leon,1
713,2410,lietor,albacete,1
714,24100,villablino,leon,1
715,24120,la_magdalena,leon,1
716,24140,villaseca_de_laciana,leon,1
717,24144,san_emiliano,leon,1
718,24153,vegas_del_condado,leon,1
719,24160,gradefes,leon,1
720,24170,almanza,leon,1
721,24198,la_virgen_del_camino,leon,1
722,24200,valencia_de_donjuan,leon,1
723,24210,mansilla_de_las_mulas,leon,1
724,24220,valderas,leon,1
725,24240,santa_maria_del_paramo,leon,1
726,24270,carrizo_de_la_ribera,leon,1
727,24280,benavides_de_orbigo,leon,1
728,2430,elche_de_la_sierra,albacete,1
729,24300,bembibre,leon,1
730,24320,sahagun,leon,1
731,2434,letur,albacete,1
732,24350,veguellina_de_orbigo,leon,1
733,24370,torre_del_bierzo,leon,1
734,24377,tremor_de_arriba,leon,1
735,24380,puente_de_domingo_florez,leon,1
736,2440,molinicos,albacete,1
737,24400,ponferrada,leon,1
738,24420,fabero,leon,1
739,24450,toreno,leon,1
740,2450,riopar,albacete,1
741,24500,villafranca_del_bierzo,leon,1
742,24540,cacabelos,leon,1
743,24560,toral_de_los_vados,leon,1
744,2460,villaverde_de_guadalimar,albacete,1
745,24600,la_pola_de_gordon,leon,1
746,24640,la_robla,leon,1
747,24700,astorga,leon,1
748,24740,truchas,leon,1
749,24750,la_baneza,leon,1
750,24761,alija_del_infantado,leon,1
751,2480,yeste,albacete,1
752,24800,cistierna,leon,1
753,24830,matallana_de_torio,leon,1
754,24838,carmenes,leon,1
755,24850,bonar,leon,1
756,24855,puebla_de_lillo,leon,1
757,24900,riano,leon,1
758,2500,tobarra,albacete,1
759,25005,lleida,lleida,1
760,2510,pozo_ca_ada,albacete,1
761,25180,alcarras,lleida,1
762,2520,chinchilla_de_monte_aragon,albacete,1
763,25280,solsona,lleida,1
764,2530,nerpio,albacete,1
765,25300,tarrega,lleida,1
766,25500,la_pobla_de_segur,lleida,1
767,25530,vielha,lleida,1
768,25550,bossost,lleida,1
769,25560,la_pobla_de_segur,lleida,1
770,25560,sort,lleida,1
771,25600,balaguer,lleida,1
772,25620,tremp,lleida,1
773,25700,la_seu_d_urgell,lleida,1
774,25740,ponts,lleida,1
775,25743,la_farga_de_los_moles,lleida,1
776,2600,villarrobledo,albacete,1
777,26005,logro_o,la_rioja,1
778,26005,logrono,la_rioja,1
779,26100,torrecilla_en_cameros,la_rioja,1
780,2611,ossa_de_montiel,albacete,1
781,2612,munera,albacete,1
782,26142,villamediana_de_iregua,la_rioja,1
783,26143,murillo_de_rio_leza,la_rioja,1
784,26160,agoncillo,la_rioja,1
785,26190,nalda,la_rioja,1
786,26200,haro,la_rioja,1
787,26230,casalarreina,la_rioja,1
788,26250,santo_domingo_de_la_calzada,la_rioja,1
789,26280,ezcaray,la_rioja,1
790,2630,la_roda,albacete,1
791,2630,roda,albacete,1
792,26300,najera,la_rioja,1
793,26310,badaran,la_rioja,1
794,26320,banos_de_rio_tobia,la_rioja,1
795,26322,anguiano,la_rioja,1
796,26324,alesanco,la_rioja,1
797,26340,san_asensio,la_rioja,1
798,26350,cenicero,la_rioja,1
799,26360,fuenmayor,la_rioja,1
800,26370,navarrete,la_rioja,1
801,2640,almansa,albacete,1
802,2650,montealegre_del_castillo,albacete,1
803,26500,calahorra,la_rioja,1
804,26509,agoncillo,la_rioja,1
805,26509,alcanadre,la_rioja,1
806,2651,fuente_alamo,albacete,1
807,2652,ontur,albacete,1
808,26520,cervera_del_rio_alhama,la_rioja,1
809,26526,cornago,la_rioja,1
810,26540,alfaro,la_rioja,1
811,26559,aldeanueva_de_ebro,la_rioja,1
812,26560,autol,la_rioja,1
813,26580,arnedo,la_rioja,1
814,2660,caudete,albacete,1
815,2690,alpera,albacete,1
816,2691,bonete,albacete,1
817,2692,petrola,albacete,1
818,2694,higueruela,albacete,1
819,27002,lugo,lugo,1
820,27100,fonsagrada,lugo,1
821,27120,castroverde,lugo,1
822,27170,portomarin,lugo,1
823,27200,palas_de_rey,lugo,1
824,27211,guntin,lugo,1
825,27220,friol,lugo,1
826,27229,barreiros,lugo,1
827,27240,meira,lugo,1
828,27250,castro_de_rei,lugo,1
829,27287,pastoriza,lugo,1
830,27300,guitiriz,lugo,1
831,27320,quiroga,lugo,1
832,27324,seoane_de_caurel,lugo,1
833,27330,puebla_de_brollon,lugo,1
834,27340,boveda,lugo,1
835,27346,incio,lugo,1
836,27360,puebla_de_san_julian,lugo,1
837,27370,rabade,lugo,1
838,27371,bahamonde,lugo,1
839,27377,a_feira_do_monte,lugo,1
840,27400,monforte_de_lemos,lugo,1
841,27430,panton,lugo,1
842,27460,sober,lugo,1
843,27500,chantada,lugo,1
844,27520,carballedo,lugo,1
845,27540,escairon,lugo,1
846,27550,taboada,lugo,1
847,27560,monterroso,lugo,1
848,27570,antas_de_ulla,lugo,1
849,27600,sarria,lugo,1
850,27620,samos,lugo,1
851,27640,becerrea,lugo,1
852,27650,navia_de_suarna,lugo,1
853,27664,san_roman_de_cervantes,lugo,1
854,27670,piedrafita,lugo,1
855,27677,as_nogais,lugo,1
856,27680,baralla,lugo,1
857,27700,ribadeo,lugo,1
858,27720,a_pontenova,lugo,1
859,27730,abadin,lugo,1
860,27740,mondonedo,lugo,1
861,27770,ferreira,lugo,1
862,27780,foz,lugo,1
863,27800,vilalba,lugo,1
864,27800,villalba,lugo,1
865,27836,muras,lugo,1
866,27839,xermade,lugo,1
867,27850,viveiro,lugo,1
868,27860,vicedo,lugo,1
869,27870,xove,lugo,1
870,27880,burela,lugo,1
871,28003,madrid,madrid,1
872,28004,madrid,madrid,1
873,28005,alcala_de_henares,madrid,1
874,28006,madrid,madrid,1
875,28009,madrid,madrid,1
876,28010,madrid,madrid,1
877,28013,madrid,madrid,1
878,28014,madrid,madrid,1
879,28015,madrid,madrid,1
880,28016,madrid,madrid,1
881,28022,barajas,madrid,1
882,28027,madrid,madrid,1
883,28033,madrid,madrid,1
884,28035,el_pardo,madrid,1
885,28037,madrid,madrid,1
886,28038,madrid,madrid,1
887,28042,barajas,madrid,1
888,28042,madrid,madrid,1
889,28045,madrid,madrid,1
890,28046,madrid,madrid,1
891,28048,el_pardo,madrid,1
892,28071,el_pardo,madrid,1
893,28071,madrid,madrid,1
894,28100,alcobendas,madrid,1
895,28110,algete,madrid,1
896,28150,valdetorres_del_jarama,madrid,1
897,28160,caraba_a,madrid,1
898,28180,torrelaguna,madrid,1
899,28200,san_lorenzo_de_el_escorial,madrid,1
900,28210,valdemorillo,madrid,1
901,28220,majadahonda,madrid,1
902,28222,majadahonda,madrid,1
903,28223,pozuelo_de_alarcon,madrid,1
904,28231,las_rozas,madrid,1
905,28240,hoyo_de_manzanares,madrid,1
906,28250,torrelodones,madrid,1
907,28260,galapagar,madrid,1
908,28280,san_lorenzo_de_el_escorial,madrid,1
909,28294,robledo_de_chavela,madrid,1
910,28300,aranjuez,madrid,1
911,28320,pinto,madrid,1
912,28330,san_martin_de_la_vega,madrid,1
913,28340,valdemoro,madrid,1
914,28341,valdemoro,madrid,1
915,28342,valdemoro,madrid,1
916,28350,ciempozuelos,madrid,1
917,28370,chinchon,madrid,1
918,28380,colmenar_de_oreja,madrid,1
919,28400,collado_villalba,madrid,1
920,28410,manzanares_el_real,madrid,1
921,28412,cerceda_el_boalo,madrid,1
922,28440,guadarrama,madrid,1
923,28460,los_molinos,madrid,1
924,28470,cercedilla,madrid,1
925,28470,navacerrada,madrid,1
926,28490,becerril_de_la_sierra,madrid,1
927,28500,arganda_del_rey,madrid,1
928,28510,campo_real,madrid,1
929,28529,rivas_vaciamadrid,madrid,1
930,28530,morata_de_taju_a,madrid,1
931,28540,perales_de_tajuna,madrid,1
932,28590,villarejo_de_salvanes,madrid,1
933,28595,estremera,madrid,1
934,28597,fuentidue_a_de_tajo,madrid,1
935,28600,navalcarnero,madrid,1
936,28610,villamanta,madrid,1
937,28620,aldea_del_fresno,madrid,1
938,28630,villa_del_prado,madrid,1
939,28650,cenicientos,madrid,1
940,28660,boadilla_del_monte,madrid,1
941,28670,villaviciosa_de_odon,madrid,1
942,28680,san_martin_de_valdeiglesias,madrid,1
943,28690,brunete,madrid,1
944,28691,villanueva_de_la_ca_ada,madrid,1
945,28695,navas_del_rey,madrid,1
946,28710,el_molar,madrid,1
947,28730,buitrago_de_lozoya,madrid,1
948,28740,rascafria,madrid,1
949,28750,san_agustin_del_guadalix,madrid,1
950,28752,lozoyuela,madrid,1
951,28760,tres_cantos,madrid,1
952,28770,colmenar_viejo,madrid,1
953,28791,soto_del_real,madrid,1
954,28792,miraflores_de_la_sierra,madrid,1
955,28804,alcala_de_henares,madrid,1
956,28805,alcala_de_henares,madrid,1
957,28814,daganzo,madrid,1
958,28814,daganzo_de_arriba,madrid,1
959,28818,anchuelo,madrid,1
960,28840,mejorada_del_campo,madrid,1
961,28850,torrejn_de_ardoz,madrid,1
962,28850,torrejon_de_ardoz,madrid,1
963,28860,paracuellos_de_jarama,madrid,1
964,28880,meco,madrid,1
965,28890,loeches,madrid,1
966,28901,getafe,madrid,1
967,28914,leganes,madrid,1
968,28932,mostoles,madrid,1
969,28939,arroyomolinos,madrid,1
970,28943,fuenlabrada,madrid,1
971,28971,grinon,madrid,1
972,28981,parla,madrid,1
973,29002,malaga,malaga,1
974,29004,malaga,malaga,1
975,29009,malaga,malaga,1
976,29011,malaga,malaga,1
977,29049,benalmadena,malaga,1
978,29100,coin,malaga,1
979,29109,guaro,malaga,1
980,29120,alhaurin,malaga,1
981,29130,alhaurin_de_la_torre,malaga,1
982,29150,almogia,malaga,1
983,29160,casabermeja,malaga,1
984,29170,colmenar,malaga,1
985,29180,riogordo,malaga,1
986,29195,comare,malaga,1
987,29200,antequera,malaga,1
988,29210,cuevas_de_san_marco,malaga,1
989,29220,cuevas_bajas,malaga,1
990,29240,valle_de_abdalajis,malaga,1
991,29300,archidona,malaga,1
992,29310,villanueva_de_algaidas,malaga,1
993,29313,villanueva_del_trabuco,malaga,1
994,29315,villanueva_de_tapia,malaga,1
995,29320,campillos,malaga,1
996,29327,teba,malaga,1
997,29328,sierra_de_yeguas,malaga,1
998,29360,montejaque,malaga,1
999,29370,benaojan,malaga,1
1000,29380,cortes_de_la_frontera,malaga,1
1001,29400,ronda,malaga,1
1002,29411,yunquera,malaga,1
1003,29420,el_burgo,malaga,1
1004,29440,igualeja,malaga,1
1005,29480,gaucin,malaga,1
1006,29500,alora,malaga,1
1007,29520,fuente_de_piedra,malaga,1
1008,29530,alameda,malaga,1
1009,29532,mollina,malaga,1
1010,29550,ardales,malaga,1
1011,29560,pizarra,malaga,1
1012,29566,casarabonela,malaga,1
1013,29570,cartama,malaga,1
1014,29600,marbella,malaga,1
1015,29610,ojen,malaga,1
1016,29639,benalmadena,malaga,1
1017,29640,fuengirola,malaga,1
1018,29679,benahavis,malaga,1
1019,29680,estepona,malaga,1
1020,29690,casares,malaga,1
1021,29691,manilva,malaga,1
1022,29700,velez_malaga,malaga,1
1023,29710,periana,malaga,1
1024,29716,canillas_de_aceituno,malaga,1
1025,29718,almachar,malaga,1
1026,29730,rincon_de_la_victoria,malaga,1
1027,29750,algarrobo,malaga,1
1028,29754,competa,malaga,1
1029,29770,torrox,malaga,1
1030,29780,nerja,malaga,1
1031,30007,murcia,murcia,1
1032,3001,alicante,alicante,1
1033,3004,alicante,alicante,1
1034,30110,cabezo_torres,murcia,1
1035,3012,alicante,alicante,1
1036,30120,el_palmar,murcia,1
1037,30130,beniel,murcia,1
1038,30140,santomera,murcia,1
1039,30166,nomduermas,murcia,1
1040,30169,san_gines,murcia,1
1041,30170,mula,murcia,1
1042,30176,pliego,murcia,1
1043,30180,bullas,murcia,1
1044,30195,archivel,murcia,1
1045,30203,cartagena,murcia,1
1046,30320,fuente_alamo,murcia,1
1047,30330,albujon,murcia,1
1048,30360,la_union,murcia,1
1049,30366,el_algar,murcia,1
1050,30370,cabo_de_palos,murcia,1
1051,30400,caravaca_de_la_cruz,murcia,1
1052,30420,calasparra,murcia,1
1053,30430,cehegin,murcia,1
1054,30440,moratalla,murcia,1
1055,30500,molina_de_segura,murcia,1
1056,30510,yecla,murcia,1
1057,30520,jumilla,murcia,1
1058,30530,cieza,murcia,1
1059,30540,blanca,murcia,1
1060,30550,abaran,murcia,1
1061,30565,las_torres_de_cotillas,murcia,1
1062,30579,torreaguera,murcia,1
1063,30600,archena,murcia,1
1064,30620,fortuna,murcia,1
1065,30640,abanilla,murcia,1
1066,30700,torre_pacheco,murcia,1
1067,3071,alicante,alicante,1
1068,30710,los_alcazares,murcia,1
1069,30720,santiago_de_la_ribera_san_javier,murcia,1
1070,30740,san_pedro_del_pinatar,murcia,1
1071,30800,lorca,murcia,1
1072,30810,zarzilla_de_ramos,murcia,1
1073,30820,alcantarilla,murcia,1
1074,30840,alhama_de_murcia,murcia,1
1075,30850,totana,murcia,1
1076,30870,mazarron,murcia,1
1077,30880,aguilas,murcia,1
1078,30890,puerto_lumbreras,murcia,1
1079,3100,jijona,alicante,1
1080,31003,navarra,navarra,1
1081,31003,pamplona,navarra,1
1082,31003,tajonar,navarra,1
1083,31100,puente_la_reina,navarra,1
1084,31110,noain,navarra,1
1085,31140,artajona,navarra,1
1086,31191,beriain,navarra,1
1087,31200,estella,navarra,1
1088,31210,los_arcos,navarra,1
1089,31230,viana,navarra,1
1090,31253,miranda_de_arga,navarra,1
1091,31260,lerin,navarra,1
1092,31261,andosilla,navarra,1
1093,31271,eulate,navarra,1
1094,3130,santa_pola,alicante,1
1095,31300,tafalla,navarra,1
1096,31310,carcastillo,navarra,1
1097,31320,milagro,navarra,1
1098,31330,villafranca,navarra,1
1099,31340,marcilla,navarra,1
1100,31350,peralta,navarra,1
1101,31380,caparroso,navarra,1
1102,31390,olite,navarra,1
1103,3140,guardamar_del_segura,alicante,1
1104,31400,sanguesa,navarra,1
1105,31410,yesa,navarra,1
1106,31415,roncal,navarra,1
1107,31417,isaba,navarra,1
1108,31430,aoiz,navarra,1
1109,31440,lumbier,navarra,1
1110,31490,caseda,navarra,1
1111,3150,dolores,alicante,1
1112,31500,cascante,navarra,1
1113,31500,tudela,navarra,1
1114,31510,fustinana,navarra,1
1115,31514,valtierra,navarra,1
1116,31520,cascante,navarra,1
1117,31530,cortes,navarra,1
1118,31540,bunuel,navarra,1
1119,31560,azagra,navarra,1
1120,31570,san_adrian,navarra,1
1121,31580,lodosa,navarra,1
1122,31587,mendavia,navarra,1
1123,31590,castejon,navarra,1
1124,31591,corella,navarra,1
1125,31592,cintruenigo,navarra,1
1126,31593,fitero,navarra,1
1127,3160,almoradi,alicante,1
1128,31630,zubiri,navarra,1
1129,31640,auritz,navarra,1
1130,31680,ochagavia,navarra,1
1131,31700,baztan,navarra,1
1132,31711,urdazubi,navarra,1
1133,31720,mugairi,navarra,1
1134,31760,etxalar,navarra,1
1135,31780,bera,navarra,1
1136,31798,olague,navarra,1
1137,3180,torrevieja,alicante,1
1138,31800,altsasu,navarra,1
1139,31860,irurzun,navarra,1
1140,31870,lecumberri,navarra,1
1141,31880,leitza,navarra,1
1142,3191,el_pilar_de_la_horadada,alicante,1
1143,3193,san_miguel,alicante,1
1144,32005,orense,orense,1
1145,3203,elche,alicante,1
1146,32102,tamallancos,orense,1
1147,32130,san_cristovo_de_cea,orense,1
1148,32160,luintra,orense,1
1149,32200,cortegada,orense,1
1150,32220,puente_barjas_padrenda,orense,1
1151,32300,o_barco_de_valdeorras,orense,1
1152,32350,a_rua,orense,1
1153,32360,a_veiga,orense,1
1154,32373,beariz,orense,1
1155,32400,ribadavia,orense,1
1156,32420,a_gudi_a,orense,1
1157,32420,leiro,orense,1
1158,32500,calvos_de_randin,orense,1
1159,32500,carballino,orense,1
1160,32549,a_mezquita,orense,1
1161,32550,viana_do_bolo,orense,1
1162,32600,verin,orense,1
1163,32611,rios,orense,1
1164,32630,xinzo_de_limia,orense,1
1165,32633,baltar,orense,1
1166,32660,allariz,orense,1
1167,32689,cualedro,orense,1
1168,32695,trasmiras,orense,1
1169,32700,maceda,orense,1
1170,32702,vilar_de_barrio,orense,1
1171,32720,esgos,orense,1
1172,32760,castrocaldelas,orense,1
1173,32780,puebla_de_trives,orense,1
1174,32800,celanova,orense,1
1175,32810,freas_de_eiras,orense,1
1176,32840,bande,orense,1
1177,32850,lobeira,orense,1
1178,32860,entrimo,orense,1
1179,32870,lobios,orense,1
1180,32971,orense,orense,1
1181,3300,orihuela,alicante,1
1182,33011,oviedo,asturias,1
1183,3310,jacarilla,alicante,1
1184,33100,trubia,asturias,1
1185,33111,entrago_teverga,asturias,1
1186,33117,barzana,asturias,1
1187,33126,soto_del_barco,asturias,1
1188,33129,pravia,asturias,1
1189,33138,muros_de_nalon,asturias,1
1190,33154,el_pito,asturias,1
1191,33156,soto_de_lui_a,asturias,1
1192,33160,riosa,asturias,1
1193,33172,soto_de_la_ribera,asturias,1
1194,33180,nore_a,asturias,1
1195,33210,gijon,asturias,1
1196,33290,gijon,asturias,1
1197,3330,crevillente,alicante,1
1198,33300,villaviciosa,asturias,1
1199,33320,lastres,asturias,1
1200,33400,salinas,asturias,1
1201,33424,llanera,asturias,1
1202,33424,posada,asturias,1
1203,33430,candas_carre_o,asturias,1
1204,33440,luanco,asturias,1
1205,33450,piedras_blancas,asturias,1
1206,33459,ranon,asturias,1
1207,33462,aviles,asturias,1
1208,33470,cancienes,asturias,1
1209,33500,llanes,asturias,1
1210,33510,pola_de_siero,asturias,1
1211,33529,nava,asturias,1
1212,33530,infiesto,asturias,1
1213,33540,arriondas,asturias,1
1214,33550,cangas_de_onis,asturias,1
1215,33555,carre_a,asturias,1
1216,33560,ribadesella,asturias,1
1217,33570,panes,asturias,1
1218,33582,ceceda,asturias,1
1219,33589,covadonga,asturias,1
1220,33590,colombres,asturias,1
1221,3360,callosa_de_segura,alicante,1
1222,33600,mieres_del_camino,asturias,1
1223,33630,pola_lena,asturias,1
1224,33640,ujo_turon,asturias,1
1225,33670,moreda,asturias,1
1226,33686,cabanaquinta,asturias,1
1227,33690,lugo_de_llanera,asturias,1
1228,33700,luarca,asturias,1
1229,33710,navia,asturias,1
1230,33720,boal,asturias,1
1231,33730,grandas_de_salime,asturias,1
1232,33740,tapia_de_casariego,asturias,1
1233,33750,la_caridad,asturias,1
1234,33760,castropol,asturias,1
1235,33770,vegadeo,asturias,1
1236,33776,santa_eulalia_de_oscos,asturias,1
1237,33780,trevias,asturias,1
1238,33800,cangas_de_narcea,asturias,1
1239,33810,san_antolin_de_ibias,asturias,1
1240,33812,dega_a,asturias,1
1241,33820,grado,asturias,1
1242,33830,belmonte,asturias,1
1243,33840,somiedo,asturias,1
1244,33860,salas,asturias,1
1245,33870,tineo,asturias,1
1246,33873,navelgas,asturias,1
1247,33880,pola_de_allande,asturias,1
1248,33900,sama_de_langreo,asturias,1
1249,33919,anieves,asturias,1
1250,33930,sama_de_langreo,asturias,1
1251,33980,pola_de_laviana,asturias,1
1252,3400,villena,alicante,1
1253,34003,palencia,palencia,1
1254,34100,salda_a,palencia,1
1255,34120,carrion_de_los_condes,palencia,1
1256,34131,villoldo,palencia,1
1257,34140,villarramiel,palencia,1
1258,34148,meneses_de_campos,palencia,1
1259,34160,ampudia,palencia,1
1260,3420,castalla,alicante,1
1261,34200,venta_de_ba_os,palencia,1
1262,34210,due_as,palencia,1
1263,34218,cevico_de_la_torre,palencia,1
1264,34230,torquemada,palencia,1
1265,34240,baltanas,palencia,1
1266,34247,cevico_navero,palencia,1
1267,34248,antig_edad,palencia,1
1268,34250,quintana_del_puente,palencia,1
1269,3430,onil,alicante,1
1270,34300,paredes_de_nava,palencia,1
1271,34310,becerril_de_campos,palencia,1
1272,34330,frechilla,palencia,1
1273,34337,fuente_de_nava,palencia,1
1274,34340,villada,palencia,1
1275,3440,ibi,alicante,1
1276,34400,herrera_de_pisuerga,palencia,1
1277,34420,amusco,palencia,1
1278,34440,fromista,palencia,1
1279,34440,herrera_de_pisuerga,palencia,1
1280,34450,astudillo,palencia,1
1281,34460,osorno,palencia,1
1282,34472,buenavista,palencia,1
1283,34478,castrillo_de_villavega,palencia,1
1284,34480,alar_del_rey,palencia,1
1285,3450,ba_eres,alicante,1
1286,34800,aguilar_de_campoo,palencia,1
1287,34820,barruelo_de_santullan,palencia,1
1288,34830,salinas_de_pisuerga,palencia,1
1289,34840,cervera_de_pisuerga,palencia,1
1290,34847,san_salvador,palencia,1
1291,34870,santiba_ez_de_la_pe_a,palencia,1
1292,34880,guardo,palencia,1
1293,34886,velilla_del_rio_carrion,palencia,1
1294,3500,benidorm,alicante,1
1295,35016,las_palmas_de_gran_canaria,las_palmas,1
1296,3509,finestrat,alicante,1
1297,3510,callosa_de_ensarria,alicante,1
1298,35100,maspalomas,las_palmas,1
1299,35110,santa_lucia,las_palmas,1
1300,35120,arguineguin_mogan,las_palmas,1
1301,35130,puerto_rico,las_palmas,1
1302,35260,aguimes,las_palmas,1
1303,35328,vega_de_san_mateo,las_palmas,1
1304,35330,teror,las_palmas,1
1305,35360,tejeda,las_palmas,1
1306,35400,arucas,las_palmas,1
1307,35450,santa_maria_de_guia,las_palmas,1
1308,35470,san_nicolas_de_tolentino,las_palmas,1
1309,35480,agaete,las_palmas,1
1310,3550,san_juan_de_alicante,alicante,1
1311,35500,arrecife,las_palmas,1
1312,35509,costa_teguise,las_palmas,1
1313,35509,san_bartolome_de_lanzarote,las_palmas,1
1314,35510,tias,las_palmas,1
1315,35550,san_bartolome_de_lanzarote,las_palmas,1
1316,35570,yaiza,las_palmas,1
1317,3560,campello,alicante,1
1318,35600,puerto_del_rosario,las_palmas,1
1319,35620,gran_tarajal,las_palmas,1
1320,35620,gran_tarajal_tuineje,las_palmas,1
1321,35625,pajara,las_palmas,1
1322,35660,corralejo_oliva_la,las_palmas,1
1323,3570,villajoyosa,alicante,1
1324,3590,altea,alicante,1
1325,36004,marin,pontevedra,1
1326,36004,pontevedra_poio,pontevedra,1
1327,36005,pontevedra_poio,pontevedra,1
1328,36130,cerdedo,pontevedra,1
1329,36141,vilaboa,pontevedra,1
1330,36164,pontevedra,pontevedra,1
1331,36201,vigo,pontevedra,1
1332,36203,vigo,pontevedra,1
1333,3630,sax,alicante,1
1334,36300,baiona,pontevedra,1
1335,36318,vigo,pontevedra,1
1336,36380,gondomar,pontevedra,1
1337,3640,monovar,alicante,1
1338,36410,porri_o,pontevedra,1
1339,36416,mos,pontevedra,1
1340,36430,arbo,pontevedra,1
1341,36459,salvatierra_de_mi_o,pontevedra,1
1342,3650,pinoso,alicante,1
1343,36500,lalin,pontevedra,1
1344,36530,rodeiro,pontevedra,1
1345,36540,silleda,pontevedra,1
1346,36559,forcarei,pontevedra,1
1347,36590,cruces,pontevedra,1
1348,3660,novelda,alicante,1
1349,36600,vilagarcia_de_arousa,pontevedra,1
1350,36630,cambados,pontevedra,1
1351,36645,valga,pontevedra,1
1352,36650,caldas_de_reis,pontevedra,1
1353,36670,cuntis,pontevedra,1
1354,36680,a_estrada,pontevedra,1
1355,36690,arcade_sotomaior,pontevedra,1
1356,36700,tui,pontevedra,1
1357,36740,tomi_o,pontevedra,1
1358,36780,a_guarda,pontevedra,1
1359,3680,aspe,alicante,1
1360,36820,ponte_caldelas,pontevedra,1
1361,36847,fornelos_de_montes,pontevedra,1
1362,36860,ponteareas,pontevedra,1
1363,36872,o_covelo,pontevedra,1
1364,36885,a_ca_iza,pontevedra,1
1365,3690,san_vicente_del_raspeig,alicante,1
1366,36900,marin,pontevedra,1
1367,36940,cangas,pontevedra,1
1368,36950,moa_a,pontevedra,1
1369,36960,sanxenxo,pontevedra,1
1370,36989,o_grove,pontevedra,1
1371,3700,denia,alicante,1
1372,37008,salamanca,salamanca,1
1373,3710,calpe,alicante,1
1374,37100,ledesma,salamanca,1
1375,37160,villarino,salamanca,1
1376,37171,monleras,salamanca,1
1377,37183,san_pedro_de_rozados,salamanca,1
1378,37184,villares_de_la_reina,salamanca,1
1379,3720,benissa,alicante,1
1380,37200,la_fuente_de_san_esteban,salamanca,1
1381,37210,vitigudino,salamanca,1
1382,37240,lumbrales,salamanca,1
1383,3725,teulada,alicante,1
1384,37250,aldeadavila_de_la_ribera,salamanca,1
1385,37255,barrueco_pardo,salamanca,1
1386,37260,villavieja_de_yeltes,salamanca,1
1387,3727,jalon,alicante,1
1388,3730,javea,alicante,1
1389,37300,penaranda_de_bracamonte,salamanca,1
1390,37310,macotera,salamanca,1
1391,37339,villoria,salamanca,1
1392,3740,gata_de_gorgos,alicante,1
1393,37400,cantalapiedra,salamanca,1
1394,37447,rollan,salamanca,1
1395,37470,sancti_spiritus,salamanca,1
1396,37480,fuentes_de_onoro,salamanca,1
1397,3750,pedreguer,alicante,1
1398,37500,ciudad_rodrigo,salamanca,1
1399,37510,fuenteguinaldo,salamanca,1
1400,37524,el_payo,salamanca,1
1401,37542,navasfrias,salamanca,1
1402,37600,tamames,salamanca,1
1403,37624,la_alberca,salamanca,1
1404,3770,vergel,alicante,1
1405,37700,bejar,salamanca,1
1406,37724,lagunilla,salamanca,1
1407,37730,ledrada,salamanca,1
1408,37760,linares_de_riofrio,salamanca,1
1409,37770,guijuelo,salamanca,1
1410,37785,galinduste,salamanca,1
1411,3780,pego,alicante,1
1412,37800,alba_de_tormes,salamanca,1
1413,37900,santa_marta_de_tormes,salamanca,1
1414,3800,alcoy,alicante,1
1415,38001,santa_cruz_de_tenerife,santa_cruz_de_tenerife,1
1416,38010,santa_cruz_de_tenerife,santa_cruz_de_tenerife,1
1417,38010,tenerife,santa_cruz_de_tenerife,1
1418,3820,cocentaina,alicante,1
1419,38206,san_cristobal_de_la_laguna,santa_cruz_de_tenerife,1
1420,38206,tenerife,santa_cruz_de_tenerife,1
1421,3830,muro_del_alcoy,alicante,1
1422,38300,la_orotava,santa_cruz_de_tenerife,1
1423,38350,tacoronte,santa_cruz_de_tenerife,1
1424,38380,la_victoria_de_acentejo,santa_cruz_de_tenerife,1
1425,38400,puerto_de_la_cruz,santa_cruz_de_tenerife,1
1426,38430,icod_de_los_vinos,santa_cruz_de_tenerife,1
1427,38450,garachico,santa_cruz_de_tenerife,1
1428,38480,buenavista_del_norte,santa_cruz_de_tenerife,1
1429,38500,guimar,santa_cruz_de_tenerife,1
1430,38530,candelaria,santa_cruz_de_tenerife,1
1431,38570,fasnia,santa_cruz_de_tenerife,1
1432,38588,arico,santa_cruz_de_tenerife,1
1433,38600,granadilla_de_abona,santa_cruz_de_tenerife,1
1434,38660,arona,santa_cruz_de_tenerife,1
1435,38670,adeje,santa_cruz_de_tenerife,1
1436,38680,guiadeisora,santa_cruz_de_tenerife,1
1437,38687,playa_san_juan,santa_cruz_de_tenerife,1
1438,38700,santa_cruz_de_la_palma,santa_cruz_de_tenerife,1
1439,38720,san_andres_y_sauces,santa_cruz_de_tenerife,1
1440,38750,el_paso,santa_cruz_de_tenerife,1
1441,38760,los_llanos_de_aridane,santa_cruz_de_tenerife,1
1442,38780,tijarafe,santa_cruz_de_tenerife,1
1443,38800,alajero,santa_cruz_de_tenerife,1
1444,38800,san_sebastian_de_la_gomera,santa_cruz_de_tenerife,1
1445,38820,hermigua,santa_cruz_de_tenerife,1
1446,38840,vallehermoso,santa_cruz_de_tenerife,1
1447,38870,valle_gran_rey,santa_cruz_de_tenerife,1
1448,38900,valverde_del_hierro,santa_cruz_de_tenerife,1
1449,39009,santander,cantabria,1
1450,39011,santander,cantabria,1
1451,39071,santander,cantabria,1
1452,39130,pedrena,cantabria,1
1453,39160,galizano,cantabria,1
1454,39180,noja,cantabria,1
1455,39200,reinosa,cantabria,1
1456,39211,espinilla,cantabria,1
1457,39220,polientes,cantabria,1
1458,39312,villanueva_del_rosario,malaga,1
1459,39313,polanco,cantabria,1
1460,39317,torrelavega,cantabria,1
1461,39330,santillana_del_mar,cantabria,1
1462,39340,suances,cantabria,1
1463,39400,los_corrales_de_buelna,cantabria,1
1464,39430,molledo,cantabria,1
1465,39470,renedo,cantabria,1
1466,39500,cabezon_de_la_sal,cantabria,1
1467,39510,cabuerniga,cantabria,1
1468,39520,comillas,cantabria,1
1469,39540,san_vicente_de_la_barquera,cantabria,1
1470,39548,pesues,cantabria,1
1471,39554,puentemansa,cantabria,1
1472,39570,potes,cantabria,1
1473,39600,camargo,cantabria,1
1474,39600,maliano,cantabria,1
1475,39610,el_astillero,cantabria,1
1476,39680,ontaneda,cantabria,1
1477,39685,vega_de_pas,cantabria,1
1478,39694,santa_maria_de_cayon,cantabria,1
1479,39696,selaya,cantabria,1
1480,39700,castro_urdiales,cantabria,1
1481,39724,valdecilla,cantabria,1
1482,39730,beranga,cantabria,1
1483,39740,santo_a,cantabria,1
1484,39740,santona,cantabria,1
1485,39764,badames,cantabria,1
1486,39770,laredo,cantabria,1
1487,39776,liendo,cantabria,1
1488,39780,guriezo,cantabria,1
1489,39800,ramales_de_la_victoria,cantabria,1
1490,39840,ampuero,cantabria,1
1491,40006,segovia,segovia,1
1492,4002,almeria,almeria,1
1493,4004,almeria,almeria,1
1494,4006,almeria,almeria,1
1495,40100,san_ildefonso_o_la_granja,segovia,1
1496,40134,sangarcia,segovia,1
1497,40150,villacastin,segovia,1
1498,40161,navafria,segovia,1
1499,40165,pradena,segovia,1
1500,40172,pedraza,segovia,1
1501,40200,cuellar,segovia,1
1502,40237,sacramenia,segovia,1
1503,40270,carbonero_el_mayor,segovia,1
1504,40280,navalmanzano,segovia,1
1505,40300,sepulveda,segovia,1
1506,40320,cantalejo,segovia,1
1507,40340,aguilafuente,segovia,1
1508,40352,lastras_de_cuellar,segovia,1
1509,40355,fuente_sauco_de_fuentidue_a,segovia,1
1510,40360,cantimpalos,segovia,1
1511,40370,turegano,segovia,1
1512,40400,el_espinar,segovia,1
1513,40410,san_rafael,segovia,1
1514,40420,la_losa,segovia,1
1515,40422,otero_de_herreros,segovia,1
1516,40430,bernardos,segovia,1
1517,40440,santa_maria_la_real_de_nieva,segovia,1
1518,40446,martin_mu_oz,segovia,1
1519,40450,nava_de_asuncion,segovia,1
1520,40468,montejo_de_arevalo,segovia,1
1521,40480,coca,segovia,1
1522,40500,riaza,segovia,1
1523,40520,ayllon,segovia,1
1524,40560,boceguillas,segovia,1
1525,4100,nijar,almeria,1
1526,41012,sevilla,sevilla,1
1527,41013,sevilla,sevilla,1
1528,41019,sevilla,sevilla,1
1529,41089,sevilla,sevilla,1
1530,41110,bollullos_de_la_mitacion,sevilla,1
1531,41130,la_puebla_del_rio,sevilla,1
1532,41140,islamayor,sevilla,1
1533,4118,san_jose,almeria,1
1534,41200,alcala_del_rio,sevilla,1
1535,41210,guillena,sevilla,1
1536,41230,castilblanco_de_los_arroyos,sevilla,1
1537,41240,almaden_de_la_plata,sevilla,1
1538,41250,real_de_la_jara,sevilla,1
1539,41300,la_rinconada,sevilla,1
1540,41309,la_rinconada,sevilla,1
1541,41310,brenes,sevilla,1
1542,41318,villaverde_del_rio,sevilla,1
1543,41320,cantillana,sevilla,1
1544,41340,tocina,sevilla,1
1545,41360,el_pedroso,sevilla,1
1546,41370,cazalla_de_la_sierra,sevilla,1
1547,41380,alanis_de_la_sierra,sevilla,1
1548,41390,guadalcanal,sevilla,1
1549,4140,carboneras,almeria,1
1550,41400,ecija,sevilla,1
1551,41410,carmona,sevilla,1
1552,41420,fuentes_de_andalucia,sevilla,1
1553,41429,la_campana,sevilla,1
1554,41430,la_luisiana,sevilla,1
1555,41439,canada_rosal,sevilla,1
1556,41440,lora_del_rio,sevilla,1
1557,41450,constantina,sevilla,1
1558,41460,navas_de_la_concepcion,sevilla,1
1559,41470,penaflor,sevilla,1
1560,41479,puebla_de_los_infantes,sevilla,1
1561,4150,el_cabo_de_gata,almeria,1
1562,41500,alcala_de_guadaira,sevilla,1
1563,41510,mairena_del_alcor,sevilla,1
1564,41530,moron_de_la_frontera,sevilla,1
1565,41540,puebla_de_cazalla,sevilla,1
1566,41560,estepa,sevilla,1
1567,41567,herrera,sevilla,1
1568,41570,badolatosa,sevilla,1
1569,41580,casariche,sevilla,1
1570,41590,la_roda_de_andalucia,sevilla,1
1571,41600,arahal,sevilla,1
1572,41610,paradas,sevilla,1
1573,41620,marchena,sevilla,1
1574,41630,la_lantejuela,sevilla,1
1575,41640,osuna,sevilla,1
1576,41657,los_corrales,sevilla,1
1577,41660,villanueva_de_san_juan,sevilla,1
1578,41670,pruna,sevilla,1
1579,41700,dos_hermanas,sevilla,1
1580,41710,utrera,sevilla,1
1581,41720,los_palacios,sevilla,1
1582,41740,lebrija,sevilla,1
1583,41749,el_cuervo,sevilla,1
1584,41760,el_coronil,sevilla,1
1585,41770,montellano,sevilla,1
1586,41800,sanlucar_la_mayor,sevilla,1
1587,41804,olivares,sevilla,1
1588,41840,pilas,sevilla,1
1589,41849,aznalcazar,sevilla,1
1590,41850,villamanrique_de_la_condesa,sevilla,1
1591,41860,gerena,sevilla,1
1592,41870,aznalcollar,sevilla,1
1593,41880,el_ronquillo,sevilla,1
1594,41890,el_castillo_de_las_guardas,sevilla,1
1595,41909,salteras,sevilla,1
1596,41920,san_juan_de_aznalfarache,sevilla,1
1597,41927,mairena_del_aljarafe,sevilla,1
1598,41950,castilleja_de_la_cuesta,sevilla,1
1599,41960,gines,sevilla,1
1600,41970,santiponce,sevilla,1
1601,41980,la_algaba,sevilla,1
1602,4200,tabernas,almeria,1
1603,42004,soria,soria,1
1604,42100,agreda,soria,1
1605,42110,olvega,soria,1
1606,42120,gomara,soria,1
1607,42125,deza,soria,1
1608,42140,san_leonardo_de_yague,soria,1
1609,42146,abejar,soria,1
1610,42150,vinuesa,soria,1
1611,42157,covaleda,soria,1
1612,42174,san_pedro_manrique,soria,1
1613,42176,almarza,soria,1
1614,42200,almazan,soria,1
1615,42220,monteagudo_de_las_vicarias,soria,1
1616,42240,medinaceli,soria,1
1617,42250,arcos_de_jalon,soria,1
1618,4230,huercal_de_almeria,almeria,1
1619,42300,burgo_de_osma_ciudad_de_osma,soria,1
1620,42320,langa_de_duero,soria,1
1621,42330,san_esteban_de_gormaz,soria,1
1622,42360,berlanga_de_duero,soria,1
1623,4270,sorbas,almeria,1
1624,4279,uleila_del_campo,almeria,1
1625,43002,tarragona,tarragona,1
1626,43004,puerto_de_tarragona,tarragona,1
1627,43005,tarragona,tarragona,1
1628,43120,constanti,tarragona,1
1629,43202,reus,tarragona,1
1630,43390,riudecols,tarragona,1
1631,43400,montblanc,tarragona,1
1632,43440,espluga_de_francoli,tarragona,1
1633,43460,alcover,tarragona,1
1634,43470,selva_del_camp,tarragona,1
1635,43480,vilaseca,tarragona,1
1636,43500,tortosa,tarragona,1
1637,43519,el_perello,tarragona,1
1638,43530,alcanar,tarragona,1
1639,43540,sant_carles_de_la_rapita,tarragona,1
1640,43550,ulldecona,tarragona,1
1641,43560,la_senia,tarragona,1
1642,43570,santa_barbara,tarragona,1
1643,43580,deltebre,tarragona,1
1644,43596,horta_de_sant_joan,tarragona,1
1645,43700,el_vendrell,tarragona,1
1646,43712,llorens_del_penedes,tarragona,1
1647,43730,falset,tarragona,1
1648,43740,mora_debre,tarragona,1
1649,43750,flix,tarragona,1
1650,43760,morell,tarragona,1
1651,43780,gandesa,tarragona,1
1652,43800,valls,tarragona,1
1653,43817,el_pont_darmentera,tarragona,1
1654,43820,calafell,tarragona,1
1655,43830,torredembarra,tarragona,1
1656,43840,salou,tarragona,1
1657,43850,cambrils,tarragona,1
1658,43860,l_ametlla,tarragona,1
1659,43870,amposta,tarragona,1
1660,43883,roda_de_bara,tarragona,1
1661,43890,hospitalet_del_infant,tarragona,1
1662,43892,miamiplatja,tarragona,1
1663,4400,alhama_de_almeria,almeria,1
1664,44002,teruel,teruel,1
1665,44100,albarracin,teruel,1
1666,44140,cantavieja,teruel,1
1667,44147,cedrillas,teruel,1
1668,44150,aliaga,teruel,1
1669,44160,alfambra,teruel,1
1670,44200,calamocha,teruel,1
1671,44300,monreal_del_campo,teruel,1
1672,44360,santa_eulalia_del_campo,teruel,1
1673,44366,orihuela_del_tremedal,teruel,1
1674,44370,cella,teruel,1
1675,44400,mora_de_rubielos,teruel,1
1676,44410,mosqueruela,teruel,1
1677,44415,rubielos_de_mora,teruel,1
1678,44432,alcala_de_la_selva,teruel,1
1679,44450,puebla_de_valverde,teruel,1
1680,44460,sarrion,teruel,1
1681,4450,canjayar,almeria,1
1682,44500,andorra,teruel,1
1683,44530,hijar,teruel,1
1684,44540,albalate_del_arzobispo,teruel,1
1685,44547,ari_o,teruel,1
1686,44550,alcorisa,teruel,1
1687,44564,mas_de_las_matas,teruel,1
1688,44570,calanda,teruel,1
1689,44580,valderrobres,teruel,1
1690,44594,valdealgorfa,teruel,1
1691,44600,alca_iz,teruel,1
1692,44610,calaceite,teruel,1
1693,44652,monroyo,teruel,1
1694,4470,laujar_de_andarax,almeria,1
1695,44700,montalban,teruel,1
1696,44760,utrillas,teruel,1
1697,44780,muniesa,teruel,1
1698,4500,finana,almeria,1
1699,45004,toledo,toledo,1
1700,4510,abla,almeria,1
1701,45100,sonseca,toledo,1
1702,45110,ajofrin,toledo,1
1703,45120,san_pablo_de_los_montes,toledo,1
1704,45122,arges,toledo,1
1705,45128,menasalbas,toledo,1
1706,45140,los_navalmorales,toledo,1
1707,45150,navahermosa,toledo,1
1708,45161,polan,toledo,1
1709,45164,galvez,toledo,1
1710,45165,san_martin_de_montalban,toledo,1
1711,45200,illescas,toledo,1
1712,45221,esquivias,toledo,1
1713,45222,borox,toledo,1
1714,45224,sese_a,toledo,1
1715,45250,a_over_de_tajo,toledo,1
1716,45280,olias_del_rey,toledo,1
1717,45300,oca_a,toledo,1
1718,45300,ocana,toledo,1
1719,45310,villatobas,toledo,1
1720,45311,dos_barrios,toledo,1
1721,45313,yepes,toledo,1
1722,45360,villarrubia_de_santiago,toledo,1
1723,45370,santa_cruz_de_la_zarza,toledo,1
1724,45400,mora,toledo,1
1725,45450,orgaz,toledo,1
1726,45470,los_yebene,toledo,1
1727,45470,los_yebenes,toledo,1
1728,45480,urda,toledo,1
1729,4550,gergal,almeria,1
1730,45500,torrijos,toledo,1
1731,45510,fuensalida,toledo,1
1732,45513,santa_cruz_del_retamar,toledo,1
1733,45516,la_puebla_de_montalban,toledo,1
1734,45517,escalonilla,toledo,1
1735,45520,villaluenga_de_la_sagra,toledo,1
1736,45530,santa_olalla,toledo,1
1737,45533,el_carpio_de_tajo,toledo,1
1738,45560,oropesa,toledo,1
1739,45570,el_puente_del_arzobispo,toledo,1
1740,45574,la_estrella,toledo,1
1741,45578,el_campillo_de_la_jara,toledo,1
1742,45593,bargas,toledo,1
1743,4560,gador,almeria,1
1744,45600,talavera_de_la_reina,toledo,1
1745,45610,navalcan,toledo,1
1746,45630,navamorcuende,toledo,1
1747,45645,hinojosa_de_sanvicente,toledo,1
1748,45650,espinoso_del_rey,toledo,1
1749,45660,belvis_de_la_jara,toledo,1
1750,45662,alcaudete_de_la_jara,toledo,1
1751,45680,cebolla,toledo,1
1752,45686,calera_y_chozas,toledo,1
1753,45690,la_pueblanueva,toledo,1
1754,45692,malpica_de_tajo,toledo,1
1755,45700,consuegra,toledo,1
1756,45710,madridejos,toledo,1
1757,45730,villafranca_de_los_caballeros,toledo,1
1758,45740,villasequilla,toledo,1
1759,45750,huerta_de_valdecarabanos,toledo,1
1760,45760,la_guardia,toledo,1
1761,45780,tembleque,toledo,1
1762,45790,quero,toledo,1
1763,45800,quintanar_de_la_orden,toledo,1
1764,45820,el_toboso,toledo,1
1765,45830,miguel_esteban,toledo,1
1766,45840,la_puebla_de_almoradiel,toledo,1
1767,45850,la_villa_de_don_fadrique,toledo,1
1768,45860,villaca_as,toledo,1
1769,45860,villacanas,toledo,1
1770,45870,lillo,toledo,1
1771,45880,corral_de_almaguer,toledo,1
1772,45900,almorox,toledo,1
1773,45910,escalona,toledo,1
1774,45918,pelahustan,toledo,1
1775,45920,la_torre_de_esteban_hambran,toledo,1
1776,45930,mentrida,toledo,1
1777,45940,valmojado,toledo,1
1778,4600,huercal_overa,almeria,1
1779,46007,valencia,valencia,1
1780,46016,tavernes_blanques,valencia,1
1781,46020,valencia,valencia,1
1782,46024,valencia,valencia,1
1783,4610,cuevas_de_almanzora,almeria,1
1784,46117,betera,valencia,1
1785,46130,massamagrell,valencia,1
1786,46133,moncada,valencia,1
1787,46140,ademuz,valencia,1
1788,46160,lliria,valencia,1
1789,46166,gestalgar,valencia,1
1790,46170,villar_del_arzobispo,valencia,1
1791,46171,casinos,valencia,1
1792,46176,chelva,valencia,1
1793,46179,aras_de_los_olmos,valencia,1
1794,46180,benaguasil,valencia,1
1795,46185,pobla_de_vallbona,valencia,1
1796,46190,riba_roja_de_turia,valencia,1
1797,46191,vilamarxant,valencia,1
1798,46195,llombai,valencia,1
1799,46199,cortes_de_pallas,valencia,1
1800,4620,vera,almeria,1
1801,46200,paiporta,valencia,1
1802,46220,picassent,valencia,1
1803,46230,alginet,valencia,1
1804,46240,carlet,valencia,1
1805,46260,alberic,valencia,1
1806,46270,villanueva_de_castellon,valencia,1
1807,46294,carcer,valencia,1
1808,4630,garrucha,almeria,1
1809,46300,utiel,valencia,1
1810,46320,sinarcas,valencia,1
1811,46330,camporrobles,valencia,1
1812,46340,requena,valencia,1
1813,46360,bunol,valencia,1
1814,46370,chiva,valencia,1
1815,46380,cheste,valencia,1
1816,4639,turre,almeria,1
1817,46392,siete_aguas,valencia,1
1818,4640,pulpi,almeria,1
1819,46400,cullera,valencia,1
1820,46410,sueca,valencia,1
1821,46420,el_perellonet,valencia,1
1822,46430,sollana,valencia,1
1823,46440,almussafes,valencia,1
1824,46460,silla,valencia,1
1825,4650,zurgena,almeria,1
1826,46500,sagunto,valencia,1
1827,46510,quartell,valencia,1
1828,46520,sagunto,valencia,1
1829,46530,puzol,valencia,1
1830,46540,el_puig,valencia,1
1831,46590,estivella,valencia,1
1832,46600,alzira,valencia,1
1833,46612,corbera_de_alzira,valencia,1
1834,46620,ayora,valencia,1
1835,46623,jarafuel,valencia,1
1836,46625,cofrentes,valencia,1
1837,46630,la_font_de_la_figuera,valencia,1
1838,46640,moixent,valencia,1
1839,46650,canals,valencia,1
1840,46688,polinya_de_xuquer,valencia,1
1841,46691,vallada,valencia,1
1842,46701,gandia,valencia,1
1843,46720,villalonga,valencia,1
1844,46740,carcaixent,valencia,1
1845,46750,simat_de_valldigna,valencia,1
1846,46760,tavernes_de_la_valldigna,valencia,1
1847,46780,oliva,valencia,1
1848,46790,xeresa,valencia,1
1849,46800,xativa,valencia,1
1850,46810,enguera,valencia,1
1851,46823,navarres,valencia,1
1852,46830,beniganim,valencia,1
1853,46841,castello_de_rugat,valencia,1
1854,46850,olleria,valencia,1
1855,46860,albaida,valencia,1
1856,46870,ontinyent,valencia,1
1857,46880,bocairent,valencia,1
1858,46910,alfafar,valencia,1
1859,46960,aldaia,valencia,1
1860,4700,el_ejido,almeria,1
1861,47005,valladolid,valladolid,1
1862,47006,zaratan,valladolid,1
1863,47012,valladolid,valladolid,1
1864,47100,tordesillas,valladolid,1
1865,47120,mota_del_marques,valladolid,1
1866,47140,laguna_de_duero,valladolid,1
1867,47151,boecillo,valladolid,1
1868,47160,portillo,valladolid,1
1869,47176,esguevillas_de_esgueva,valladolid,1
1870,4720,aguadulce_roquetas_de_mar,almeria,1
1871,47250,mojados,valladolid,1
1872,47260,cabezon_de_pisuerga,valladolid,1
1873,47300,penafiel,valladolid,1
1874,47313,cogeces_del_monte,valladolid,1
1875,47316,pinel_de_abajo,valladolid,1
1876,47320,tudela_de_duero,valladolid,1
1877,47350,quintanilla_de_onesimo,valladolid,1
1878,4738,vicar,almeria,1
1879,4740,roquetas_de_mar,almeria,1
1880,47400,medina_del_campo,valladolid,1
1881,47410,olmedo,valladolid,1
1882,47420,iscar,valladolid,1
1883,47480,fresno_el_viejo,valladolid,1
1884,4750,dalias,almeria,1
1885,47500,nava_del_rey,valladolid,1
1886,47520,castronuno,valladolid,1
1887,4760,berja,almeria,1
1888,47600,villalon_de_campos,valladolid,1
1889,47620,villanubla,valladolid,1
1890,47630,la_mudarra,valladolid,1
1891,47680,mayorga,valladolid,1
1892,4770,adra,almeria,1
1893,4770,el_ejido,almeria,1
1894,47800,medina_de_rioseco,valladolid,1
1895,4800,albox,almeria,1
1896,48007,bilbao,vizcaya,1
1897,48013,bilbao,vizcaya,1
1898,4810,oria,almeria,1
1899,48113,munguia,vizcaya,1
1900,4820,velez_rubio,almeria,1
1901,48200,durango,vizcaya,1
1902,4825,chirivel,almeria,1
1903,4830,velez_blanco,almeria,1
1904,48300,gernika_lumo,vizcaya,1
1905,4838,maria,almeria,1
1906,4850,cantoria,almeria,1
1907,48509,abanto_y_ciervana,vizcaya,1
1908,4857,albanchez,almeria,1
1909,4860,olula_del_rio,almeria,1
1910,4867,macael,almeria,1
1911,4870,purchena,almeria,1
1912,4880,tijola,almeria,1
1913,4890,seron,almeria,1
1914,48901,baracaldo,vizcaya,1
1915,48960,galdakao,vizcaya,1
1916,48980,santurce,vizcaya,1
1917,48991,getxo,vizcaya,1
1918,49007,zamora,zamora,1
1919,49110,castroverdedecampos,zamora,1
1920,49124,aspariegos,zamora,1
1921,49130,manganeses_de_la_lampreana,zamora,1
1922,49140,tabara,zamora,1
1923,49151,arcenillas,zamora,1
1924,49153,venialbo,zamora,1
1925,49160,carbajales_de_alba,zamora,1
1926,49167,muelas_del_pan,zamora,1
1927,49200,bermillo_de_sayago,zamora,1
1928,49220,fermoselle,zamora,1
1929,49300,puebla_de_sanabria,zamora,1
1930,49310,mombuey,zamora,1
1931,49332,camarzana_de_tera,zamora,1
1932,49350,el_puente,zamora,1
1933,49400,fuente_sauco,zamora,1
1934,49500,alcanices,zamora,1
1935,49510,fonfria,zamora,1
1936,49562,villardeciervos,zamora,1
1937,49570,lubian,zamora,1
1938,49600,benavente,zamora,1
1939,49630,villalpando,zamora,1
1940,49700,corrales_del_vino,zamora,1
1941,49800,toro,zamora,1
1942,50004,zaragoza,zaragoza,1
1943,50012,zaragoza,zaragoza,1
1944,5004,avila,avila,1
1945,50100,la_almunia_de_do_a_godina,zaragoza,1
1946,50130,belchite,zaragoza,1
1947,50153,villanueva_de_huerva,zaragoza,1
1948,50160,leci_ena,zaragoza,1
1949,50170,mequinenza,zaragoza,1
1950,50172,alfajarin,zaragoza,1
1951,50180,utebo,zaragoza,1
1952,50190,zaragoza,zaragoza,1
1953,50193,zaragoza,zaragoza,1
1954,50196,la_muela,zaragoza,1
1955,50200,ateca,zaragoza,1
1956,50219,munebrega,zaragoza,1
1957,50220,ariza,zaragoza,1
1958,50230,alhama_de_aragon,zaragoza,1
1959,50246,brea_de_aragon,zaragoza,1
1960,50260,morata_de_jalon,zaragoza,1
1961,50280,calatorao,zaragoza,1
1962,50290,epila,zaragoza,1
1963,50299,sabi_an,zaragoza,1
1964,50300,calatayud,zaragoza,1
1965,50313,ani_on,zaragoza,1
1966,50340,maluenda,zaragoza,1
1967,50360,daroca,zaragoza,1
1968,50400,cari_ena,zaragoza,1
1969,50450,muel,zaragoza,1
1970,50500,tarazona,zaragoza,1
1971,50540,borja,zaragoza,1
1972,50550,mallen,zaragoza,1
1973,50580,vera_de_moncayo,zaragoza,1
1974,50600,ejea_de_los_caballeros,zaragoza,1
1975,50610,luna,zaragoza,1
1976,50619,luesia,zaragoza,1
1977,50620,casetas,zaragoza,1
1978,50630,alagon,zaragoza,1
1979,50650,gallur,zaragoza,1
1980,50660,tauste,zaragoza,1
1981,50670,sadaba,zaragoza,1
1982,50680,sos_del_rey_catolico,zaragoza,1
1983,50684,salvatierra_de_esca,zaragoza,1
1984,50690,pedrola,zaragoza,1
1985,50700,caspe,zaragoza,1
1986,50710,maella,zaragoza,1
1987,50730,el_burgo_de_ebro,zaragoza,1
1988,50740,fuentes_de_ebro,zaragoza,1
1989,50750,pina_de_ebro,zaragoza,1
1990,50770,quinto,zaragoza,1
1991,50790,escatron,zaragoza,1
1992,50800,zuera,zaragoza,1
1993,5100,navaluenga,avila,1
1994,51001,ceuta,ceuta,1
1995,51002,ceuta,ceuta,1
1996,5110,barraco,avila,1
1997,5113,burgohondo,avila,1
1998,5148,cabezas_del_villar,avila,1
1999,5152,martinez,avila,1
2000,5164,villanueva_de_gomez,avila,1
2001,5200,arevalo,avila,1
2002,52005,melilla,melilla,1
2003,5220,madrigal_de_las_altas_torres,avila,1
2004,5230,navas_del_marques,avila,1
2005,5250,el_hoyo_de_pinares,avila,1
2006,5260,cebreros,avila,1
2007,5270,el_tiemblo,avila,1
2008,5296,adanero,avila,1
2009,5300,crespos,avila,1
2010,5310,fontiveros,avila,1
2011,5350,san_pedro,avila,1
2012,5400,arenas_de_san_pedro,avila,1
2013,5410,mombeltran,avila,1
2014,5420,sotillo_de_la_adrada,avila,1
2015,5430,la_adrada,avila,1
2016,5450,casavieja,avila,1
2017,5470,pedro_bernardo,avila,1
2018,5480,candeleda,avila,1
2019,5500,piedrahita,avila,1
2020,5530,mu_ogalindo,avila,1
2021,5600,el_barco_de_avila,avila,1
2022,5635,navarredonda,avila,1
2023,5695,la_horcajada,avila,1
2024,6001,badajoz,badajoz,1
2025,6002,badajoz,badajoz,1
2026,6006,badajoz,badajoz,1
2027,6006,caya,badajoz,1
2028,6009,badajoz,badajoz,1
2029,6100,olivenza,badajoz,1
2030,6105,cheles,badajoz,1
2031,6110,villanueva_del_fresno,badajoz,1
2032,6120,oliva_de_la_frontera,badajoz,1
2033,6129,zahinos,badajoz,1
2034,6130,valverde_de_leganes,badajoz,1
2035,6131,alconchel,badajoz,1
2036,6132,higuera_de_vargas,badajoz,1
2037,6140,talavera_la_real,badajoz,1
2038,6150,santa_marta_de_los_barros,badajoz,1
2039,6160,barcarrota,badajoz,1
2040,6170,la_albuera,badajoz,1
2041,6171,almendral,badajoz,1
2042,6175,salvatierra_de_los_barros,badajoz,1
2043,6176,la_parra,badajoz,1
2044,6186,guadiana_del_caudillo,badajoz,1
2045,6190,la_roca_de_la_sierra,badajoz,1
2046,6192,villar_del_rey,badajoz,1
2047,6195,badajoz,badajoz,1
2048,6200,almendralejo,badajoz,1
2049,6207,aceuchal,badajoz,1
2050,6209,solana_de_los_barros,badajoz,1
2051,6220,villafranca_de_los_barros,badajoz,1
2052,6225,ribera_del_fresno,badajoz,1
2053,6228,hornachos,badajoz,1
2054,6230,los_santos_de_maimona,badajoz,1
2055,6240,fuente_de_cantos,badajoz,1
2056,6250,bienvenida,badajoz,1
2057,6260,monesterio,badajoz,1
2058,6270,segura_de_leon,badajoz,1
2059,6280,fuentes_de_leon,badajoz,1
2060,6290,usagre,badajoz,1
2061,6300,zafra,badajoz,1
2062,6330,valencia_del_ventoso,badajoz,1
2063,6340,fregenal_de_la_sierra,badajoz,1
2064,6350,higuera_la_real,badajoz,1
2065,6355-217,vilar_formoso,salamanca,1
2066,6360,fuente_del_maestre,badajoz,1
2067,6370,burguillos_del_cerro,badajoz,1
2068,6380,jerez_de_los_caballeros,badajoz,1
2069,6400,don_benito,badajoz,1
2070,6410,santa_amalia,badajoz,1
2071,6411,medellin,badajoz,1
2072,6420,castuera,badajoz,1
2073,6427,monterrubio_de_la_serena,badajoz,1
2074,6430,zalamea_de_la_serena,badajoz,1
2075,6443,campillo_de_llerena,badajoz,1
2076,6444,valencia_de_las_torres,badajoz,1
2077,6450,quintana_de_la_serena,badajoz,1
2078,6460,campanario,badajoz,1
2079,6470,guarena,badajoz,1
2080,6474,valdetorre,badajoz,1
2081,6480,montijo,badajoz,1
2082,6486,la_nava_de_santiago,badajoz,1
2083,6487,cordovilla_de_lacara,badajoz,1
2084,6498,lobon,badajoz,1
2085,6500,san_vicente_de_alcantara,badajoz,1
2086,6510,alburquerque,badajoz,1
2087,6600,cabeza_del_buey,badajoz,1
2088,6610,el_bonillo,albacete,1
2089,6610,penalsordo,badajoz,1
2090,6630,puebla_de_alcocer,badajoz,1
2091,6640,talarrubias,badajoz,1
2092,6650,siruela,badajoz,1
2093,6660,fuenlabrada_de_los_montes,badajoz,1
2094,6670,herrera_del_duque,badajoz,1
2095,6680,castilblanco,badajoz,1
2096,6689,valdecaballeros,badajoz,1
2097,6692,helechosa_de_los_montes,badajoz,1
2098,6700,villanueva_de_la_serena,badajoz,1
2099,6716,villar_de_rena,badajoz,1
2100,6720,valdivia,badajoz,1
2101,6740,orellana_la_vieja,badajoz,1
2102,6760,navalvillar_de_pela,badajoz,1
2103,6770,casas_de_don_pedro,badajoz,1
2104,6800,merida,badajoz,1
2105,6840,alange,badajoz,1
2106,6850,arroyo_de_san_servan,badajoz,1
2107,6870,la_garrovilla,badajoz,1
2108,6890,valverde_de_merida,badajoz,1
2109,6893,san_pedro_de_merida,badajoz,1
2110,6900,llerena,badajoz,1
2111,6906,puebla_del_maestre,badajoz,1
2112,6910,granja_de_torrehermosa,badajoz,1
2113,6920,azuaga,badajoz,1
2114,6927,valverde_de_llerena,badajoz,1
2115,6930,berlanga,badajoz,1
2116,6950,villagarcia_de_la_torre,badajoz,1
2117,7000,palma_de_mallorca,illes_balears,1
2118,7006,base_aerea_de_son_san_joan,illes_balears,1
2119,7006,palma_de_mallorca,illes_balears,1
2120,7009,pont_d_inca_marratxi,illes_balears,1
2121,7012,palma_de_mallorca,illes_balears,1
2122,7015,palma_de_mallorca,illes_balears,1
2123,7057,mercadal_menorca,illes_balears,1
2124,7060,ciudadela_de_menorca,illes_balears,1
2125,7100,soller,illes_balears,1
2126,7141,pont_d_inca_marratxi,illes_balears,1
2127,7150,andratx,illes_balears,1
2128,7160,paguera_calvia,illes_balears,1
2129,7180,santa_ponca_calvia,illes_balears,1
2130,7180,santa_ponsa_calvia,illes_balears,1
2131,7181,magalluf_calvia,illes_balears,1
2132,7181,palmanova_calvia,illes_balears,1
2133,7190,esporlas,illes_balears,1
2134,7190,esporles,illes_balears,1
2135,7200,felanitx,illes_balears,1
2136,7210,algaida,illes_balears,1
2137,7240,san_joan,illes_balears,1
2138,7240,sant_joan,illes_balears,1
2139,7250,villafranca_de_bonany,illes_balears,1
2140,7300,inca,illes_balears,1
2141,7350,binissalem,illes_balears,1
2142,7410,puerto_de_alcudia,illes_balears,1
2143,7420,sa_pobla,illes_balears,1
2144,7440,playas_de_muro,illes_balears,1
2145,7450,santa_margarita,illes_balears,1
2146,7470,puerto_de_pollensa,illes_balears,1
2147,7500,manacor,illes_balears,1
2148,7510,sineu,illes_balears,1
2149,7560,cala_millor_son_servera,illes_balears,1
2150,7570,arta,illes_balears,1
2151,7590,arta,illes_balears,1
2152,7610,s_arenal_llucmajor,illes_balears,1
2153,7620,algaida,illes_balears,1
2154,7620,llucmajor,illes_balears,1
2155,7630,campos,illes_balears,1
2156,7650,santanyi,illes_balears,1
2157,7660,santanyi,illes_balears,1
2158,7680,porto_cristo,illes_balears,1
2159,7702,mahon,illes_balears,1
2160,7800,ibiza,illes_balears,1
2161,7810,sant_joan_de_labritja,illes_balears,1
2162,7817,sant_josep_de_sa_talaia,illes_balears,1
2163,7820,sant_antoni_de_portmany,illes_balears,1
2164,7840,santa_eulalia_del_rio,illes_balears,1
2165,7860,formentera,illes_balears,1
2166,8001,barcelona,barcelona,1
2167,8025,barcelona,barcelona,1
2168,8028,barcelona,barcelona,1
2169,8038,barcelona,barcelona,1
2170,8042,barcelona,barcelona,1
2171,8100,mollet_del_valles,barcelona,1
2172,8214,badia_del_valles,barcelona,1
2173,8223,terrassa,barcelona,1
2174,8240,manresa,barcelona,1
2175,8242,manresa,barcelona,1
2176,8280,calaf,barcelona,1
2177,8292,esparreguera,barcelona,1
2178,8320,el_masnou,barcelona,1
2179,8330,premia_de_mar,barcelona,1
2180,8360,canet_de_mar,barcelona,1
2181,8370,calella,barcelona,1
2182,8390,montgat,barcelona,1
2183,8420,canovelles,barcelona,1
2184,8500,vic,barcelona,1
2185,8600,berga,barcelona,1
2186,8620,sant_vicen_dels_horts,barcelona,1
2187,8640,olesa_de_montserrat,barcelona,1
2188,8700,igualada,barcelona,1
2189,8720,vilafranca_del_penedes,barcelona,1
2190,8737,torrelles_de_foix,barcelona,1
2191,8740,san_andres_de_la_barca,barcelona,1
2192,8740,sant_andreu_de_la_barca,barcelona,1
2193,8760,martorell,barcelona,1
2194,8777,san_quintin_de_mediona,barcelona,1
2195,8786,capellades,barcelona,1
2196,8790,gelida,barcelona,1
2197,8800,vilanova_i_la_geltru,barcelona,1
2198,8820,el_prat_de_llobregat,barcelona,1
2199,8850,gava,barcelona,1
2200,9001,burgos,burgos,1
2201,9006,burgos,burgos,1
2202,9007,burgos,burgos,1
2203,9100,melgar_de_fernamental,burgos,1
2204,9110,castrojeriz,burgos,1
2205,9120,villadiego,burgos,1
2206,9140,sotopalacios,burgos,1
2207,9141,quintanilla_sobresierra,burgos,1
2208,9142,sedano,burgos,1
2209,9192,villafria,burgos,1
2210,9200,miranda_de_ebro,burgos,1
2211,9210,quintana_martin_galindez,burgos,1
2212,9215,condado_de_trevi_o,burgos,1
2213,9215,la_puebla_de_arganzon,burgos,1
2214,9230,buniel,burgos,1
2215,9240,briviesca,burgos,1
2216,9250,belorado,burgos,1
2217,9260,pradoluengo,burgos,1
2218,9280,pancorbo,burgos,1
2219,9294,la_puebla_de_arganzon,burgos,1
2220,9300,roa_de_duero,burgos,1
2221,9310,torresandino,burgos,1
2222,9340,lerma,burgos,1
2223,9342,santa_maria_del_campo,burgos,1
2224,9346,covarrubias,burgos,1
2225,9400,aranda_de_duero,burgos,1
2226,9430,huerta_del_rey,burgos,1
2227,9500,medina_de_pomar,burgos,1
2228,9510,quincoces_de_yuso,burgos,1
2229,9530,o_a,burgos,1
2230,9550,villarcayo,burgos,1
2231,9560,espinosa_de_los_monteros,burgos,1
2232,9572,soncillo,burgos,1
2233,9580,villasana_de_mena,burgos,1
2234,9600,salas_de_los_infantes,burgos,1
2235,9660,hontoria_del_pinar,burgos,1
2236,9670,quintanar_de_la_sierra,burgos,1
